old_my_translation,new_deepseek
"近 6 个月 3 个典型案例","近6个月3个典型案例"
"🚀 开启您的首笔 STS 订单","🚀 开启您的首笔STS订单"
"发送询价 → 选择供应商 → 开启 STS——您的资金从第一秒起即安全无忧。","发送询价 → 选择供应商 → 开启STS——您的资金从第一秒起即安全无忧。"
"5 星","5星"
"4.5 星以上","4.5星以上"
"4 星以上","4星以上"
"15 年以上","15年以上"
"10–15 年","10–15年"
"5–10 年","5–10年"
"5 年以下","5年以下"
"4,500 余家工厂已通过华越认证，可按行业、生产区域、规模及成立年份筛选。此处每家供应商均至少有 1 笔与越南采购商的成功订单，并可使用中文沟通。","4,500余家工厂已通过华越认证，可按行业、生产区域、规模及成立年份筛选。此处每家供应商均至少有1笔与越南采购商的成功订单，并可使用中文沟通。"
"Dongpeng Ceramics 已为 RFQ-8421 发送报价","东鹏陶瓷已为 RFQ-8421 发送报价"
"采购商中心 — Huayuesc","采购商中心 — 华越供应链"
"发送询价 — Huayuesc","发送询价 — 华越供应链"
"实地验厂 — Huayuesc","实地验厂 — 华越供应链"
"OEM / ODM 定制","OEM/ODM 定制"
"采购商的 30% T/T 定金和 70% 尾款保管在 CSR 位于 Vietcombank/BIDV（越南盾）或中国银行/HSBC（美元）的担保账户中——不直接打给供应商。供应商仅在以下情况后才收款：(a) 采购商确认货品符合描述，或 (b) 交货后 14 天采购商未回应（自动放款）。若货品不符合承诺，采购商在 7 天内投诉 → CSR 调查 → 退款/换货/赔偿。","采购商的30% T/T定金和70%尾款保管在CSR位于Vietcombank/BIDV（越南盾）或中国银行/HSBC（美元）的担保账户中——不直接打给供应商。供应商仅在以下情况后才收款：(a) 采购商确认货品符合描述，或(b) 交货后14天采购商未回应（自动放款）。若货品不符合承诺，采购商在7天内投诉→CSR调查→退款/换货/赔偿。"
"DDP 运至越南需要多久？","DDP运至越南需要多久？"
"DDP 送达河内采购商仓库的时间：(a) 经谅山陆路 5-7 天——最快，适合小单和热门趋势品。(b) 海运 佛山 → 叻坚 → 河内：合计 13-17 天。(c) 海运 东莞/深圳 → 吉莱 → 河内：15-19 天。(d) DHL/FedEx 空运：2-4 天，$8-15/kg。采购商可在计算器 /info/ddp-calculator 中选择最优路线。","DDP送达河内采购商仓库的时间：(a) 经谅山陆路5-7天——最快，适合小单和热门趋势品。(b) 海运佛山→叻坚→河内：合计13-17天。(c) 海运东莞/深圳→吉莱→河内：15-19天。(d) DHL/FedEx空运：2-4天，$8-15/kg。采购商可在计算器/info/ddp-calculator中选择最优路线。"
"大部分建筑材料、家具、卫浴、LED 灯、家用电器不需要许可证。以下需许可证：保健食品、化妆品、医疗器械、化学品、药品、书籍、车辆。CSR 按 HS 编码免费咨询——邮箱 legal@huayuesc.vn。","大部分建筑材料、家具、卫浴、LED灯、家用电器不需要许可证。以下需许可证：保健食品、化妆品、医疗器械、化学品、药品、书籍、车辆。CSR按HS编码免费咨询——邮箱legal@huayuesc.vn。"
"DDP 是否已含进口税 + 增值税？","DDP是否已含进口税+增值税？"
"是的。DDP 全包含：海运/陆运费、0.5% 海运保险、进口税（按 HS 编码，享 ACFTA/RCEP 优惠）、10% 增值税、清关费、越南国内运输。采购商只需在仓库签收。特殊情况（海关重新归类 HS、征收更高税）：CSR 提前通知，采购商有 7 天回应期。","是的。DDP全包含：海运/陆运费、0.5%海运保险、进口税（按HS编码，享ACFTA/RCEP优惠）、10%增值税、清关费、越南国内运输。采购商只需在仓库签收。特殊情况（海关重新归类HS、征收更高税）：CSR提前通知，采购商有7天回应期。"
"比首单快 50%！返单：在控制台选择“Reorder” → CSR 自动以相同规格生成新 PO → 采购商只需确认数量 + 交货日期。无需重新验厂（已认证）。无需重新测样（已有）。交货时间仍为 5-22 天，视路线而定。许多越南采购商每年向 2-3 家主力供应商下 6-12 单——流程非常顺畅。","比首单快50%！返单：在控制台选择“Reorder”→CSR自动以相同规格生成新PO→采购商只需确认数量+交货日期。无需重新验厂（已认证）。无需重新测样（已有）。交货时间仍为5-22天，视路线而定。许多越南采购商每年向2-3家主力供应商下6-12单——流程非常顺畅。"
"可以。CSR 通过财政部电子发票系统为所有 DDP 订单开具 10% 增值税电子发票（依据 123/2020/NĐ-CP 号法令）。发票在交货后 3 天内发送至采购商邮箱。企业采购商可用此发票抵扣 10% 进项增值税——节省可观税费。","可以。CSR通过财政部电子发票系统为所有DDP订单开具10%增值税电子发票（依据123/2020/NĐ-CP号法令）。发票在交货后3天内发送至采购商邮箱。企业采购商可用此发票抵扣10%进项增值税——节省可观税费。"
"网站 + App","网站+App"
"AI 寻源匹配","AI寻源匹配"
"DDP 物流","DDP物流"
"5 分钟内响应","5分钟内响应"
"每日 8:00-22:00","每日8:00-22:00"
"周一至周六 8:00-18:00","周一至周六8:00-18:00"
"6 小时内响应","6小时内响应"
"例如：如何发询价、起订量、DDP 运输、交易保障……","例如：如何发询价、起订量、DDP运输、交易保障……"
"300+ 篇指南、80+ FAQ，涵盖从中国到越南的 B2B 采购。询价、交易保障、DDP、海关。24/7 越南语支持。","300+篇指南、80+FAQ，涵盖从中国到越南的B2B采购。询价、交易保障、DDP、海关。24/7越南语支持。"
"300+ 篇指南、80+ FAQ、24/7 越南语支持。立即查找答案，或直接联系华越河内 + 广州团队。","300+篇指南、80+FAQ、24/7越南语支持。立即查找答案，或直接联系华越河内+广州团队。"
"详细状态页 →","详细状态页→"
"华越河内 + 广州客户成功团队——24/7 响应，为采购商提供 100% 越南语支持。","华越河内+广州客户成功团队——24/7响应，为采购商提供100%越南语支持。"
"📍 河内办事处：求纸郡范雄街 26 号 · 广州天河广场 26 楼","📍 河内办事处：求纸郡范雄街26号 · 广州天河广场26楼"
"18-25 天","18-25天"
"20-30 天","20-30天"
"20-25 天","20-25天"
"行业频道 — Huayuesc","行业频道 — 华越SC"
"在售 SKU","在售SKU"
"DDP 到越南","DDP到越南"
"依托遍布越南的广泛合作伙伴网络——将中国品牌与产品导入 63 省市的主流分销渠道。","依托遍布越南的广泛合作伙伴网络——将中国品牌与产品导入63省市的主流分销渠道。"
"墙纸 / 墙布","墙纸/墙布"
"强化 / 实木地板","强化/实木地板"
"按 SKU 和目的地","按SKU和目的地"
"COSCO、MSC、OOCL 驻仓","COSCO、MSC、OOCL驻仓"
"AI 算法自动处理订单、调度运输并优化物流路线。","AI算法自动处理订单、调度运输并优化物流路线。"
"仓储 — 3 类专用仓","仓储 — 3类专用仓"
"物流 — 3 级","物流 — 3级"
"采购 &middot; 验厂 &middot; 出厂前 QC","采购 · 验厂 · 出厂前 QC"
"中越双语支持 &middot; 8:00–22:00","中越双语支持 · 8:00–22:00"
"三级争议解决体系：直接对话、依据 NĐ 22/2017 号的华越调解、依据 1958 年纽约公约的 VIAC 河内仲裁。证据充分时多数案件以有利于采购商的结果收场，平均 3.2 天解决。24/7 热线：+86 181-2225-6999。","三级争议解决体系：直接对话、依据 NĐ 22/2017 号的华越调解、依据 1958 年纽约公约的 VIAC 河内仲裁。证据充分时，多数案件以有利于采购商的结果收场，平均 3.2 天解决。24/7 热线：+86 181-2225-6999。"
"登录采购商控制台，选择需投诉的订单，点击“发起投诉”。系统自动冻结担保账户并启动 7 步流程。情形严重时也可拨打 24/7 紧急热线。","登录采购商控制台，选择需投诉的订单，点击“发起投诉”。系统自动冻结担保账户并启动7步流程。情形严重时也可拨打24/7紧急热线。"
"第 1 层级（对话）和第 2 层级（华越调解）完全免费。第 3 层级（VIAC 河内仲裁）费用 $2,000-8,000——按裁决由败诉方承担。CSR 将争议处理系统作为交易保障的核心组成部分进行投入，不额外收费。","第1层级（对话）和第2层级（华越调解）完全免费。第3层级（VIAC河内仲裁）费用$2,000-8,000——按裁决由败诉方承担。CSR将争议处理系统作为交易保障的核心组成部分进行投入，不额外收费。"
"发送询价——24 小时内获得 5-10 家已认证供应商的免费报价。","发送询价——24小时内获得5-10家已认证供应商的免费报价。"
"采购行业资讯——Huayuesc 博客","采购行业资讯——Huayuesc博客"
"分析价格趋势、展会、税收政策、越南采购商案例及中国供应商概况。由 Huayuesc 团队每周更新。","分析价格趋势、展会、税收政策、越南采购商案例及中国供应商概况。由Huayuesc团队每周更新。"
"分析价格趋势、展会、税收政策、越南采购商案例及供应商概况。由广州 + 河内团队每周更新。","分析价格趋势、展会、税收政策、越南采购商案例及供应商概况。由广州+河内团队每周更新。"
"12,000+ 越南采购商已订阅。每周四资讯，涵盖价格趋势、限时优惠、展会。","12,000+越南采购商已订阅。每周四资讯，涵盖价格趋势、限时优惠、展会。"
"送货入仓 DDP 价","送货入仓DDP价"
"按项目报价，按施工进度交货，≥30 套订单免费提供样品。","按项目报价，按施工进度交货，≥30套订单免费提供样品。"
"≥30 套订单免费样品","≥30套订单免费样品"
"经华越质保 + 退换货","经华越质保+退换货"
"越南语目录 + 为下单 ≥30 套的 VIP 客户免费提供 3D 效果图。","越南语目录+为下单≥30套的VIP客户免费提供3D效果图。"
"为 VIP 客户免费提供 3D 效果图","为VIP客户免费提供3D效果图"
"每年在河内和胡志明市举办，邀请中国品牌发布新品，直接对接房地产 / 承包商 / 设计公司。","每年在河内和胡志明市举办，邀请中国品牌发布新品，直接对接房地产/承包商/设计公司。"
"华越广州 QC 团队出厂前按 AQL 2.5 验货。","华越广州QC团队出厂前按AQL 2.5验货。"
"全程 DDP 运抵越南","全程DDP运抵越南"
"含物流 + 清关 + 税费 + 送货入仓。无需操心订舱、海关。","含物流+清关+税费+送货入仓。无需操心订舱、海关。"
"免费样品与 3D","免费样品与3D"
"面向 ≥30 套订单——先投入以敲定正确款式。","面向≥30套订单——先投入以敲定正确款式。"
"每月工厂价格报告、CNY/VND 汇率、新税收政策。","每月工厂价格报告、CNY/VND汇率、新税收政策。"
"发邮件至 partnership@huayuesc.vn 并附：营业执照、现有展厅/仓库信息、正在分销的行业（建材 / 家具 / 家电）、覆盖区域。华越河内团队将在 5 个工作日内电话联系，必要时上门拜访。核实后签订经销合同——无会员费，仅按销售额分成佣金。","发邮件至partnership@huayuesc.vn并附：营业执照、现有展厅/仓库信息、正在分销的行业（建材/家具/家电）、覆盖区域。华越河内团队将在5个工作日内电话联系，必要时上门拜访。核实后签订经销合同——无会员费，仅按销售额分成佣金。"
"华越为建材与室内装饰（瓷砖、卫浴、铺贴石材、油漆、地板）提供送货到工地的 DDP 报价。支持：≥30 套订单免费提供样品、按施工进度交货、按原厂质保 + 如有瑕疵华越负责退换货。请联系 sales@huayuesc.vn 或 +86 181-2225-6999。","华越为建材与室内装饰（瓷砖、卫浴、铺贴石材、油漆、地板）提供送货到工地的DDP报价。支持：≥30套订单免费提供样品、按施工进度交货、按原厂质保+如有瑕疵华越负责退换货。请联系sales@huayuesc.vn或+86 181-2225-6999。"
"我是室内设计公司——能为我的 VIP 客户提供优惠吗？","我是室内设计公司——能为我的VIP客户提供优惠吗？"
"可以。华越为设计公司提供合作套餐：中国品牌的越南语目录、木材/石材/面料样品、为高端客户免费提供 3D 效果图（≥30 套订单）、整包项目的优惠折扣。","可以。华越为设计公司提供合作套餐：中国品牌的越南语目录、木材/石材/面料样品、为高端客户免费提供3D效果图（≥30套订单）、整包项目的优惠折扣。"
"组团。华越组织越南采购团赴广交会（4 月和 10 月）、CIFF 广州（3 月和 9 月）、佛山陶瓷展（4 月和 10 月）。每团 10-25 名采购商，配专业翻译，由华越广州采购团队接待。行前预约与工厂的商务对接。请联系 partnership@huayuesc.vn。","组团。华越组织越南采购团赴广交会（4月和10月）、CIFF广州（3月和9月）、佛山陶瓷展（4月和10月）。每团10-25名采购商，配专业翻译，由华越广州采购团队接待。行前预约与工厂的商务对接。请联系partnership@huayuesc.vn。"
"自己赴华：要懂中文、熟悉市场、与工厂有关系、操心物流 + 清关。通过中间商：无法在源头把控品质、易被暗中加价、缺乏清晰法律保障。华越：越南注册法人主体（税号 0111453693），出厂前在工厂验货，DDP 送货入仓，7×24 越南语支持，有交易保障——货物若不符承诺即可退款。","自己赴华：要懂中文、熟悉市场、与工厂有关系、操心物流+清关。通过中间商：无法在源头把控品质、易被暗中加价、缺乏清晰法律保障。华越：越南注册法人主体（税号0111453693），出厂前在工厂验货，DDP送货入仓，7×24越南语支持，有交易保障——货物若不符承诺即可退款。"
"合作伙伴网络——Huayuesc 华越供应链","合作伙伴网络——Huayuesc华越供应链"
"华越连接广东、福建、山东的顶尖工厂与越南 4 类分销合作伙伴：建材经销商、建筑承包商、室内设计公司、家电经销商。覆盖 63 省市，2 个运营办公室海防 + 广州。","华越连接广东、福建、山东的顶尖工厂与越南4类分销合作伙伴：建材经销商、建筑承包商、室内设计公司、家电经销商。覆盖63省市，2个运营办公室海防+广州。"
"合作伙伴网络——越南分销 &amp; 中国工厂","合作伙伴网络——越南分销 & 中国工厂"
"遍布越南 63 省市的分销合作伙伴","遍布越南63省市的分销合作伙伴"
"华越采购团队（广州市海珠区数娱创兴港 3 层）在 3 大主力集群甄选并验厂合作工厂。","华越采购团队（广州市海珠区数娱创兴港3层）在3大主力集群甄选并验厂合作工厂。"
"出厂前 AQL 2.5 QC","出厂前AQL 2.5 QC"
"每 12 个月定期实地验厂","每12个月定期实地验厂"
"物流 + DDP 清关","物流+DDP清关"
"总部位于河内市春芳坊宝玉大厦——仓储、清关、分销至越南 63 个省市。","总部位于河内市春芳坊宝玉大厦——仓储、清关、分销至越南63个省市。"
"海防仓储 + VNACCS 清关","海防仓储+VNACCS清关"
"Huayuesc（以下简称「华越」或「平台」）是一个连接越南买家与中国建材、室内装饰材料及厨卫家电供应商的 B2B 供应链平台。华越运营于 huayuesc.vn 域名及配套移动应用。主要法人主体：华越（越南）供应链有限公司（税号 0111453693），总部位于河内市春芳坊清林街 02 号宝玉大厦 07 层；采购代表处位于中国广州市海珠区新港东路（新港东路）数娱创兴港（数娱创兴港）1 栋 3 层。华越提供全程一站式服务：源头精选与采购支持、中国境内仓储、跨境物流与清关、越南分销渠道拓展——并为每一笔订单提供交易保障。华越不拥有供应商的货物，也不是直接销售方，而是承担中间供应链 + 物流服务 + 验厂的角色。用户分为 4 类：（a）访客——未注册，可浏览公开内容。（b）采购商——越南的个人/企业买家（须年满 18 岁，代表企业的须为法定代表人）。（c）供应商——已通过华越实地验厂的供应商。（d）合作伙伴——战略合作方（物流、支付、认证、分销）。","Huayuesc（以下简称「华越」或「平台」）是一个连接越南买家与中国建材、室内装饰材料及厨卫家电供应商的B2B供应链平台。华越运营于huayuesc.vn域名及配套移动应用。主要法人主体：华越（越南）供应链有限公司（税号0111453693），总部位于河内市春芳坊清林街02号宝玉大厦07层；采购代表处位于中国广州市海珠区新港东路数娱创兴港1栋3层。华越提供全程一站式服务：源头精选与采购支持、中国境内仓储、跨境物流与清关、越南分销渠道拓展——并为每一笔订单提供交易保障。华越不拥有供应商的货物，也不是直接销售方，而是承担中间供应链+物流服务+验厂的角色。用户分为4类：（a）访客——未注册，可浏览公开内容。（b）采购商——越南的个人/企业买家（须年满18岁，代表企业的须为法定代表人）。（c）供应商——已通过华越实地验厂的供应商。（d）合作伙伴——战略合作方（物流、支付、认证、分销）。"
"注册账户须提供真实信息：姓名、邮箱、手机号（OTP 验证）、公司 + 税号（企业）、越南收货地址。每位个人最多只能创建 1 个采购商账户；企业可拥有 1 个主账户 + 最多 10 个员工子账户。依越南《反洗钱法》，华越对每笔 ≥10,000 美元的交易执行 KYC（了解你的客户）——采购商须提供营业执照 + 法定代表人身份证。您有责任妥善保管密码、不共享账户——因您泄露登录信息造成的损失，华越概不负责。建议在 /buyer-center/settings/security 开启双重验证（2FA）。如出现以下情形，华越有权暂停或终止账户（按第 13 条流程）：信息欺诈、垃圾信息行为、侵犯版权、滥用交易保障、违反本条款，或依主管机关合法要求。","注册账户须提供真实信息：姓名、邮箱、手机号（OTP验证）、公司+税号（企业）、越南收货地址。每位个人最多只能创建1个采购商账户；企业可拥有1个主账户+最多10个员工子账户。依越南《反洗钱法》，华越对每笔≥10,000美元的交易执行KYC（了解你的客户）——采购商须提供营业执照+法定代表人身份证。您有责任妥善保管密码、不共享账户——因您泄露登录信息造成的损失，华越概不负责。建议在/buyer-center/settings/security开启双重验证（2FA）。如出现以下情形，华越有权暂停或终止账户（按第13条流程）：信息欺诈、垃圾信息行为、侵犯版权、滥用交易保障、违反本条款，或依主管机关合法要求。"
"采购商的权利：（i）免费使用整个平台——无会员费、交易费或佣金。（ii）向已认证供应商发送询价不限次数。（iii）对每笔 ≥$100 的订单免费使用交易保障服务。（iv）对 ≥5,000 美元的订单免费申请实地验厂（由华越广州团队执行）。（v）通过热线 +86 181-2225-6999 及邮箱 support@huayuesc.vn 获得越南语客户成功支持。（vi）自收货之日起 7 天内的投诉权。（vii）依越南第 13/2023 号法令查阅、更正、删除个人数据的权利。采购商的义务：（a）注册及交易时提供真实信息。（b）遵守越南法律（尤其：禁止进口假货、违禁品、侵犯在越南已注册知识产权的商品）。（c）按已签署的 PI/PO 足额、按期付款。（d）自交货之日起 14 天内响应确认收货请求（逾期系统将自动放款）。（e）不得将平台用于非法活动（洗钱、逃税、商业欺诈）。","采购商的权利：（i）免费使用整个平台——无会员费、交易费或佣金。（ii）向已认证供应商发送询价不限次数。（iii）对每笔≥100美元的订单免费使用交易保障服务。（iv）对≥5,000美元的订单免费申请实地验厂（由华越广州团队执行）。（v）通过热线+86 181-2225-6999及邮箱support@huayuesc.vn获得越南语客户成功支持。（vi）自收货之日起7天内的投诉权。（vii）依越南第13/2023号法令查阅、更正、删除个人数据的权利。采购商的义务：（a）注册及交易时提供真实信息。（b）遵守越南法律（尤其：禁止进口假货、违禁品、侵犯在越南已注册知识产权的商品）。（c）按已签署的PI/PO足额、按期付款。（d）自交货之日起14天内响应确认收货请求（逾期系统将自动放款）。（e）不得将平台用于非法活动（洗钱、逃税、商业欺诈）。"
"供应商的权利：（i）展示产品并接收华越聚焦三大行业（建材、装饰材料、厨卫家电）的越南采购商询价。（ii）享有具竞争力的佣金率（普通订单 5%，战略合作伙伴 3%）。（iii）预筛采购商的权利——可拒绝不符合产能的订单。（iv）越南市场营销支持（越南语着陆页、目录翻译、参加新品发布会）。（v）实地验厂报告，对采购商具有营销价值。供应商的义务：（a）上线前通过华越广州团队的实地验厂流程。（b）准确更新价格 + 起订量 + 交期。（c）24 小时内响应询价。（d）按已签 PO 生产并交货，不得在不告知的情况下变更规格。（e）出厂前配合华越 QC 验货员。（f）不得绕过平台（禁止在华越之外私下联系采购商直接交易——违者永久取消合作资格 + 处订单金额 5% 罚款）。","供应商的权利：（i）展示产品并接收华越聚焦三大行业（建材、装饰材料、厨卫家电）的越南采购商询价。（ii）享有具竞争力的佣金率（普通订单5%，战略合作伙伴3%）。（iii）预筛采购商的权利——可拒绝不符合产能的订单。（iv）越南市场营销支持（越南语着陆页、目录翻译、参加新品发布会）。（v）实地验厂报告，对采购商具有营销价值。供应商的义务：（a）上线前通过华越广州团队的实地验厂流程。（b）准确更新价格+起订量+交期。（c）24小时内响应询价。（d）按已签PO生产并交货，不得在不告知的情况下变更规格。（e）出厂前配合华越QC验货员。（f）不得绕过平台（禁止在华越之外私下联系采购商直接交易——违者永久取消合作资格+处订单金额5%罚款）。"
"货物运输遵循《2020 年国际贸易术语解释通则》（Incoterms 2020）（FOB / CIF / DDP）——详见 /info/shipping-policy。海关：华越驻海防港的清关团队以企业名义报关（经采购商授权），与越南海关总局电子海关系统（VNACCS/VCIS）直接对接。进口税：按准确的 HS 编码 + 财政部最惠国（MFN）税率计征（来自中国的货物另享 ACFTA、RCEP 优惠——下调 0-10%）。增值税：按 CIF 价 + 进口税的 10% 计征。特别消费税：不适用于华越经营的三大行业（建材、室内装饰、厨卫家电）。清关费：$80-150/批，已含于 DDP 中。采购商应负责：提供准确的 HS 编码信息，确保货物不属于禁止进口目录（第 69/2018/NĐ-CP 号法令附录），若海关重新归类 HS 编码导致税费上升则补缴差额（华越将提前告知，采购商有 7 天响应期）。","货物运输遵循《2020年国际贸易术语解释通则》（Incoterms 2020）（FOB / CIF / DDP）——详见/info/shipping-policy。海关：华越驻海防港的清关团队以企业名义报关（经采购商授权），与越南海关总局电子海关系统（VNACCS/VCIS）直接对接。进口税：按准确的HS编码+财政部最惠国（MFN）税率计征（来自中国的货物另享ACFTA、RCEP优惠——下调0-10%）。增值税：按CIF价+进口税的10%计征。特别消费税：不适用于华越经营的三大行业（建材、室内装饰、厨卫家电）。清关费：80-150美元/批，已含于DDP中。采购商应负责：提供准确的HS编码信息，确保货物不属于禁止进口目录（第69/2018/NĐ-CP号法令附录），若海关重新归类HS编码导致税费上升则补缴差额（华越将提前告知，采购商有7天响应期）。"
"交易保障——退款政策：若货物不符合承诺，采购商有权要求退款/换货/赔偿。流程：（步骤 1）自收货之日起 7 天内通过仪表盘或 support@huayuesc.vn 提交投诉，并附证据（照片、视频、验收记录）。（步骤 2）华越交易保障团队 24 小时内审核，联系采购商 + 供应商核实；必要时广州团队可赴厂检查。（步骤 3）3-7 个工作日内作出裁定，提供 4 种方案：（a）从托管账户全额退款——若货物严重与描述不符（SKU 错误、品类错误）。（b）免费换货——供应商重新生产 + 免费 DDP 运回越南，并承诺新的交期。（c）协商赔偿——若属轻微瑕疵且采购商同意留货，则减价 X%。（d）下单优惠抵扣——采购商可将额度用于下次采购。若争议在 21 天内无法达成一致 → 按第 12 条提交 VIAC 仲裁。","交易保障——退款政策：若货物不符合承诺，采购商有权要求退款/换货/赔偿。流程：（步骤1）自收货之日起7天内通过仪表盘或support@huayuesc.vn提交投诉，并附证据（照片、视频、验收记录）。（步骤2）华越交易保障团队24小时内审核，联系采购商+供应商核实；必要时广州团队可赴厂检查。（步骤3）3-7个工作日内作出裁定，提供4种方案：（a）从托管账户全额退款——若货物严重与描述不符（SKU错误、品类错误）。（b）免费换货——供应商重新生产+免费DDP运回越南，并承诺新的交期。（c）协商赔偿——若属轻微瑕疵且采购商同意留货，则减价X%。（d）下单优惠抵扣——采购商可将额度用于下次采购。若争议在21天内无法达成一致→按第12条提交VIAC仲裁。"
"华越创作的全部内容（界面、代码、品牌标识、文档、原创图片、视频、博客文章）的版权均归华越（越南）供应链有限公司所有。用户可出于个人/企业内部目的浏览、打印；未经书面同意，不得复制、分发、修改或逆向工程。供应商上传的产品图片版权归供应商所有——采购商仅可用于转售该供应商的相应产品（不得用于其他产品）。「Huayuesc」与「华越供应链」商标正在越南知识产权局申请注册保护中。禁止行为：抓取平台数据（设有速率限制 + WAF）、批量创建虚假账户、无序刷询价、发布侵权/色情/暴力内容、欺骗其他采购商、威胁/骚扰华越员工。违规者将依越南《知识产权法》处理，必要时依《刑法》追责。","华越创作的全部内容（界面、代码、品牌标识、文档、原创图片、视频、博客文章）的版权均归华越（越南）供应链有限公司所有。用户可出于个人/企业内部目的浏览、打印；未经书面同意，不得复制、分发、修改或逆向工程。供应商上传的产品图片版权归供应商所有——采购商仅可用于转售该供应商的相应产品（不得用于其他产品）。「Huayuesc」与「华越供应链」商标正在越南知识产权局申请注册保护中。禁止行为：抓取平台数据（设有速率限制+WAF）、批量创建虚假账户、无序刷询价、发布侵权/色情/暴力内容、欺骗其他采购商、威胁/骚扰华越员工。违规者将依越南《知识产权法》处理，必要时依《刑法》追责。"
"华越按 /info/privacy-policy 的详细隐私政策收集、处理个人数据——遵守第 13/2023/NĐ-CP 号法令、2021 年 PIPL 及适用时的 GDPR。用户享有 11 项基本权利（查阅、更正、删除、限制处理、可携权等）——可向 privacy@huayuesc.vn 提出申请。河内总部与广州代表处之间的越中跨境数据传输受标准合同条款（SCCs）保护；华越正依第 13/2023 号法令第 25 条向信息安全局完成跨境数据传输登记。Cookies：4 类（必要 / 分析 / 营销 / 合作伙伴），同意横幅提供 3 种选择。华越不向数据中介出售数据。依越南《税收管理法》保存交易凭证 10 年。采购商注销账户时：30 天内彻底删除，并应请求出具删除证明（Certificate of Erasure）。","华越按/info/privacy-policy的详细隐私政策收集、处理个人数据——遵守第13/2023/NĐ-CP号法令、2021年PIPL及适用时的GDPR。用户享有11项基本权利（查阅、更正、删除、限制处理、可携权等）——可向privacy@huayuesc.vn提出申请。河内总部与广州代表处之间的越中跨境数据传输受标准合同条款（SCCs）保护；华越正依第13/2023号法令第25条向信息安全局完成跨境数据传输登记。Cookies：4类（必要/分析/营销/合作伙伴），同意横幅提供3种选择。华越不向数据中介出售数据。依越南《税收管理法》保存交易凭证10年。采购商注销账户时：30天内彻底删除，并应请求出具删除证明（Certificate of Erasure）。"
"华越的责任限于按本条款提供平台 + 供应链服务。华越承诺正常运行时间 ≥99.5%（以 huayuesc-status.io 为准），但不保证 100% 不间断——定期维护造成的中断将提前 48 小时通知。华越基于实地验厂提供供应商信息，但不作绝对保证——采购商有责任在必要时自行补充尽职调查（尤其是 ≥$50K 的订单）。华越对每笔交易的最高赔偿责任限于：（a）该笔交易金额，或（b）10,000 美元，以较低者为准。华越不对间接损失负责，如：预期收入损失、品牌商誉损害、终端客户流失、机会成本、因延误产生的贷款利息。若华越存在故意违约（重大过失/故意不当行为），依越南《民法典》第 442 条，本限制不适用。","华越的责任限于按本条款提供平台+供应链服务。华越承诺正常运行时间≥99.5%（以huayuesc-status.io为准），但不保证100%不间断——定期维护造成的中断将提前48小时通知。华越基于实地验厂提供供应商信息，但不作绝对保证——采购商有责任在必要时自行补充尽职调查（尤其是≥$50K的订单）。华越对每笔交易的最高赔偿责任限于：（a）该笔交易金额，或（b）10,000美元，以较低者为准。华越不对间接损失负责，如：预期收入损失、品牌商誉损害、终端客户流失、机会成本、因延误产生的贷款利息。若华越存在故意违约（重大过失/故意不当行为），依越南《民法典》第442条，本限制不适用。"
"不可抗力（Force Majeure）：若因超出合理控制范围的事件导致无法履行义务，华越、采购商与供应商均可免责，包括但不限于：（i）自然灾害（地震、洪水、台风、火灾）。（ii）战争、恐怖主义、暴乱、公共罢工。（iii）国家基础设施事故（国际互联网海缆中断、大范围停电、友谊/芒街口岸或海防港关闭）。（iv）大规模疫情（类似 COVID 的封控）。（v）国家机关的决定/命令（禁运、税收政策突变、临时停产某行业）。（vi）国家级网络攻击事件。遭遇不可抗力的一方须在事件发生后 5 天内通知对方。若事件持续超过 60 天，各方有权协商解除合同，并按工作完成比例退还定金。","不可抗力（Force Majeure）：若因超出合理控制范围的事件导致无法履行义务，华越、采购商与供应商均可免责，包括但不限于：（i）自然灾害（地震、洪水、台风、火灾）。（ii）战争、恐怖主义、暴乱、公共罢工。（iii）国家基础设施事故（国际互联网海缆中断、大范围停电、友谊/芒街口岸或海防港关闭）。（iv）大规模疫情（类似COVID的封控）。（v）国家机关的决定/命令（禁运、税收政策突变、临时停产某行业）。（vi）国家级网络攻击事件。遭遇不可抗力的一方须在事件发生后5天内通知对方。若事件持续超过60天，各方有权协商解除合同，并按工作完成比例退还定金。"
"账户终止：（a）用户自愿注销——可随时通过 /buyer-center/settings 办理，7 个工作日内完成，数据保留 90 天以处理完未结交易后彻底删除。（b）华越因用户违规而终止——提前 7 天以邮件书面通知后执行，紧急情形（欺诈、网络攻击）除外。用户有 7 天时间申辩或恢复。（c）华越因违法行为而终止——立即执行，不提前通知；华越可配合调查机关。终止后：账户停用，无法登录；处理中的交易仍按托管账户状态完成；采购商定金按第 7 条退还；供应商佣金按终止前已签 PO 结算。","账户终止：（a）用户自愿注销——可随时通过/buyer-center/settings办理，7个工作日内完成，数据保留90天以处理完未结交易后彻底删除。（b）华越因用户违规而终止——提前7天以邮件书面通知后执行，紧急情形（欺诈、网络攻击）除外。用户有7天时间申辩或恢复。（c）华越因违法行为而终止——立即执行，不提前通知；华越可配合调查机关。终止后：账户停用，无法登录；处理中的交易仍按托管账户状态完成；采购商定金按第7条退还；供应商佣金按终止前已签PO结算。"
"华越有权为符合法律、技术与经营实际而修订本条款。流程：（i）起草 + 内部审核 + 法律顾问签批。（ii）提前 30 天通过以下方式通知用户后执行：向所有活跃账户发送邮件、网站 + 应用横幅、移动应用推送通知。（iii）用户在生效日后继续使用平台 = 接受新条款。不同意的用户有权在生效日前注销账户——不收取费用，数据按第 13 条彻底删除。（iv）旧版本归档于 /info/terms-of-service/lich-su 供查阅。（v）若属影响权益的实质性变更（如上调佣金率、变更责任上限），华越将要求明确的重新授权同意——不自动适用。","华越有权为符合法律、技术与经营实际而修订本条款。流程：（i）起草+内部审核+法律顾问签批。（ii）提前30天通过以下方式通知用户后执行：向所有活跃账户发送邮件、网站+应用横幅、移动应用推送通知。（iii）用户在生效日后继续使用平台=接受新条款。不同意的用户有权在生效日前注销账户——不收取费用，数据按第13条彻底删除。（iv）旧版本归档于/info/terms-of-service/lich-su供查阅。（v）若属影响权益的实质性变更（如上调佣金率、变更责任上限），华越将要求明确的重新授权同意——不自动适用。"
"华越与 5 类第三方共享数据，每类均签有数据处理协议（DPA），约束其遵守第 13/2023 号法令 + 等同 GDPR：（1）供应商——仅共享完成订单所需的最少信息（联系人姓名、公司、收货地址、所需 SKU）；不直接共享邮箱/电话——所有通信经华越中继转发。（2）越南和中国的合作银行，用于交易保障托管账户服务；支付处理商用于国际支付——其仅能看到处理交易及履行 KYC 所需的最少信息。（3）物流合作伙伴 + 海防港清关合作伙伴——共享收货地址 + 物流单号 + 海关申报内容。（4）服务提供商——AWS 新加坡（托管）、Cloudflare（CDN、防 DDoS）、Twilio（短信 OTP）、SendGrid（事务性邮件）、Sentry（错误追踪，已清除个人身份信息）。（5）国家机关——仅在有书面合法要求时（搜查令、起诉公函），华越每年发布透明度报告，公布收到的请求数量。绝不向数据中介或第三方出售数据用于营销。","华越与5类第三方共享数据，每类均签有数据处理协议（DPA），约束其遵守第13/2023号法令及等同GDPR：（1）供应商——仅共享完成订单所需的最少信息（联系人姓名、公司、收货地址、所需SKU）；不直接共享邮箱/电话——所有通信经华越中继转发。（2）越南和中国的合作银行，用于交易保障托管账户服务；支付处理商用于国际支付——其仅能看到处理交易及履行KYC所需的最少信息。（3）物流合作伙伴及海防港清关合作伙伴——共享收货地址、物流单号及海关申报内容。（4）服务提供商——AWS新加坡（托管）、Cloudflare（CDN、防DDoS）、Twilio（短信OTP）、SendGrid（事务性邮件）、Sentry（错误追踪，已清除个人身份信息）。（5）国家机关——仅在有书面合法要求时（搜查令、起诉公函），华越每年发布透明度报告，公布收到的请求数量。绝不向数据中介或第三方出售数据用于营销。"
"华越跨越南—中国境运营：越南采购商的数据可能被传输至广州采购代表处，以便华越团队协助采购、验厂、验货及处理争议。跨境数据传输受 3 层保护：（i）标准合同条款（SCCs）——华越（越南）供应链有限公司河内总部与广州代表处之间的内部文件，遵循越南司法部的参考范本。（ii）传输加密——所有越中往返流量经 TLS 1.3、证书固定，无法被拦截。（iii）依第 13/2023 号法令第 25 条向信息安全局办理跨境数据传输登记——华越正在完成登记手续。您有权要求华越不将数据传输至中国——我们将予以尊重，但可能因此限制实地验厂服务（该服务由广州团队执行）。","华越跨越南—中国境运营：越南采购商的数据可能被传输至广州采购代表处，以便华越团队协助采购、验厂、验货及处理争议。跨境数据传输受3层保护：（i）标准合同条款（SCCs）——华越（越南）供应链有限公司河内总部与广州代表处之间的内部文件，遵循越南司法部的参考范本。（ii）传输加密——所有越中往返流量经TLS 1.3、证书固定，无法被拦截。（iii）依第13/2023号法令第25条向信息安全局办理跨境数据传输登记——华越正在完成登记手续。您有权要求华越不将数据传输至中国——我们将予以尊重，但可能因此限制实地验厂服务（该服务由广州团队执行）。"
"华越个人数据生命周期遵循「最少必要」原则：（a）活跃账户——持续存储，按您的要求更新。（b）非活跃账户 ≥18 个月——发送预警邮件，若随后 90 天内无响应则自动删除。（c）已完成订单——依越南税务义务保留明细 7 年，之后匿名化。（d）交易凭证 + 发票——依《税收管理法》保留 10 年。（e）通信日志（聊天、邮件）——为争议解决保留 24 个月，之后永久删除。（f）服务器日志——90 天，之后聚合进分析报告（不含个人身份信息）。（g）Cookies——按第 4 条所述的存活时间。当您要求注销账户时（第 9 条所列权利），华越将在 30 天内彻底删除 + 邮件确认，并应请求出具「删除证明」（供需要审计留痕的企业使用）。","华越个人数据生命周期遵循「最少必要」原则：（a）活跃账户——持续存储，按您的要求更新。（b）非活跃账户≥18个月——发送预警邮件，若随后90天内无响应则自动删除。（c）已完成订单——依越南税务义务保留明细7年，之后匿名化。（d）交易凭证及发票——依《税收管理法》保留10年。（e）通信日志（聊天、邮件）——为争议解决保留24个月，之后永久删除。（f）服务器日志——90天，之后聚合进分析报告（不含个人身份信息）。（g）Cookies——按第4条所述的存活时间。当您要求注销账户时（第9条所列权利），华越将在30天内彻底删除并邮件确认，并应请求出具「删除证明」（供需要审计留痕的企业使用）。"
"技术安全措施：（1）传输加密——TLS 1.3，具前向保密、HSTS 预加载、证书透明度监控。（2）存储加密——静态数据库采用 AES-256-GCM，密钥经 AWS KMS 管理并每 90 天轮换。（3）密码哈希——bcrypt，工作因子 12 + 逐用户加盐 + pepper。（4）入侵检测——Cloudflare 第 7 层 WAF、针对登录模式的 AI 异常检测、自动限速拦截暴力破解。（5）内部访问权限——最小权限原则、基于角色的访问控制（RBAC）、所有有权访问生产环境的华越员工强制启用 2FA。（6）审计日志——所有数据访问均记录时间戳、IP、用户、操作；日志保存于一次写入系统 12 个月。（7）渗透测试——每年 2 次，由独立安全合作方执行。（8）漏洞赏金计划——向 privacy@huayuesc.vn 报告漏洞，按严重程度奖励 $100-5,000。组织措施：华越员工签署 NDA 并每季度参加安全培训；AWS 新加坡 + 越南数据中心通过 ISO 27001；事件响应流程 RTO 4 小时、RPO 1 小时；每小时自动备份 + 每日异地备份。","技术安全措施：（1）传输加密——TLS 1.3，具前向保密、HSTS预加载、证书透明度监控。（2）存储加密——静态数据库采用AES-256-GCM，密钥经AWS KMS管理并每90天轮换。（3）密码哈希——bcrypt，工作因子12加逐用户加盐及pepper。（4）入侵检测——Cloudflare第7层WAF、针对登录模式的AI异常检测、自动限速拦截暴力破解。（5）内部访问权限——最小权限原则、基于角色的访问控制（RBAC）、所有有权访问生产环境的华越员工强制启用2FA。（6）审计日志——所有数据访问均记录时间戳、IP、用户、操作；日志保存于一次写入系统12个月。（7）渗透测试——每年2次，由独立安全合作方执行。（8）漏洞赏金计划——向privacy@huayuesc.vn报告漏洞，按严重程度奖励$100-5,000。组织措施：华越员工签署NDA并每季度参加安全培训；AWS新加坡及越南数据中心通过ISO 27001；事件响应流程RTO 4小时、RPO 1小时；每小时自动备份及每日异地备份。"
"依第 13/2023 号法令第 9–22 条，您对自己的个人数据享有 11 项基本权利：（1）知情权——知悉收集了哪些数据、目的及存储期限。（2）同意权——同意或拒绝处理。（3）查阅权——要求查看自己的数据（30 天内导出 JSON/CSV 文件）。（4）撤回同意权——随时撤回，无需说明理由。（5）删除权——「被遗忘权」，30 天内删除账户 + 全部数据（依税法须保存的凭证除外）。（6）限制处理权——要求华越在处理投诉期间暂停处理数据。（7）数据可携权——要求将数据转移至其他服务商。（8）反对权——反对用于营销、画像的处理。（9）申诉权——向信息安全局（信息传媒部）或向我们提出申诉。（10）赔偿请求权——如华越违规造成损害。（11）自我保护权——自行采取数据保护措施（改密码、开 2FA、退出 cookie）。如需行使任何权利，请发邮件至 privacy@huayuesc.vn——7 个工作日内回复，30 天内处理完毕。","依第13/2023号法令第9–22条，您对自己的个人数据享有11项基本权利：（1）知情权——知悉收集了哪些数据、目的及存储期限。（2）同意权——同意或拒绝处理。（3）查阅权——要求查看自己的数据（30天内导出JSON/CSV文件）。（4）撤回同意权——随时撤回，无需说明理由。（5）删除权——「被遗忘权」，30天内删除账户及全部数据（依税法须保存的凭证除外）。（6）限制处理权——要求华越在处理投诉期间暂停处理数据。（7）数据可携权——要求将数据转移至其他服务商。（8）反对权——反对用于营销、画像的处理。（9）申诉权——向信息安全局（信息传媒部）或向我们提出申诉。（10）赔偿请求权——如华越违规造成损害。（11）自我保护权——自行采取数据保护措施（改密码、开2FA、退出cookie）。如需行使任何权利，请发邮件至privacy@huayuesc.vn——7个工作日内回复，30天内处理完毕。"
"Huayuesc 是面向企业的 B2B 平台，不面向 16 岁以下儿童。注册时，用户须确认已年满 18 岁（或居住国法律规定的成年年龄）。如发现儿童账户，华越将立即停用并在 7 天内删除全部数据。家长如发现子女已创建账户，可联系 privacy@huayuesc.vn——我们将核实并优先删除，不收取费用。","Huayuesc是面向企业的B2B平台，不面向16岁以下儿童。注册时，用户须确认已年满18岁（或居住国法律规定的成年年龄）。如发现儿童账户，华越将立即停用并在7天内删除全部数据。家长如发现子女已创建账户，可联系privacy@huayuesc.vn——我们将核实并优先删除，不收取费用。"
"数据事件响应计划（Data Breach Response Plan）遵守第 13/2023 号法令第 23 条：（步骤 1）发现——安全团队 7×24、全年 365 天监控，或收到来自漏洞赏金 / 员工 / 合作伙伴的报告。（步骤 2）控制——在 4 小时内确定范围、止住泄露、锁定受影响系统。（步骤 3）评估——安全取证确定多少用户受影响、涉及哪些数据、严重程度。（步骤 4）通报主管机关——自发现起 72 小时内，按标准模板向信息安全局（信息传媒部）提交报告。（步骤 5）通知用户——72 小时内向所有受影响用户发送邮件/短信，说明事件 + 泄露数据 + 补救措施 + 建议（改密码、开 2FA、监控账户）。（步骤 6）修复——修补漏洞、全系统审计、30 天内公开复盘报告。（步骤 7）赔偿——若用户能证明直接损失，华越有透明的赔偿政策。","数据事件响应计划（Data Breach Response Plan）遵守第13/2023号法令第23条：（步骤1）发现——安全团队7×24、全年365天监控，或收到来自漏洞赏金/员工/合作伙伴的报告。（步骤2）控制——在4小时内确定范围、止住泄露、锁定受影响系统。（步骤3）评估——安全取证确定多少用户受影响、涉及哪些数据、严重程度。（步骤4）通报主管机关——自发现起72小时内，按标准模板向信息安全局（信息传媒部）提交报告。（步骤5）通知用户——72小时内向所有受影响用户发送邮件/短信，说明事件、泄露数据、补救措施及建议（改密码、开2FA、监控账户）。（步骤6）修复——修补漏洞、全系统审计、30天内公开复盘报告。（步骤7）赔偿——若用户能证明直接损失，华越有透明的赔偿政策。"
"本政策由华越每年至少审阅 1 次，并在法律、技术或服务变更时更新。当前版本为 v1.0，自 2026/01/01 生效。旧版本归档于 /info/privacy-policy/lich-su 供查阅。如有实质性变更（影响用户权益），华越将通过以下方式通知：（a）提前至少 30 天向所有活跃用户发送邮件。（b）在网站/应用上展示横幅 60 天。（c）若变更数据处理目的，则要求用户重新授权同意。联系 DPO（数据保护官）：邮箱 privacy@huayuesc.vn（72 小时内回复）、热线 +86 181-2225-6999（工作时间）、信函「DPO——华越（越南）供应链有限公司」，地址：越南河内市春芳坊清林街 02 号宝玉大厦 07 层。独立申诉主管机关：信息安全局（信息传媒部），河内市阮攸街 18 号——网站 ais.gov.vn。","本政策由华越每年至少审阅1次，并在法律、技术或服务变更时更新。当前版本为v1.0，自2026/01/01生效。旧版本归档于/info/privacy-policy/lich-su供查阅。如有实质性变更（影响用户权益），华越将通过以下方式通知：（a）提前至少30天向所有活跃用户发送邮件。（b）在网站/应用上展示横幅60天。（c）若变更数据处理目的，则要求用户重新授权同意。联系DPO（数据保护官）：邮箱privacy@huayuesc.vn（72小时内回复）、热线+86 181-2225-6999（工作时间）、信函「DPO——华越（越南）供应链有限公司」，地址：越南河内市春芳坊清林街02号宝玉大厦07层。独立申诉主管机关：信息安全局（信息传媒部），河内市阮攸街18号——网站ais.gov.vn。"
"数据控制方法人主体：华越（越南）供应链有限公司（税号 0111453693）","数据控制方法人主体：华越（越南）供应链有限公司（税号0111453693）"
"遵守第 13/2023/NĐ-CP 号法令（越南）+ PIPL 2021（中国）+ 适用时的 GDPR","遵守第13/2023/NĐ-CP号法令（越南）+ PIPL 2021（中国）+ 适用时的GDPR"
"致力于达到 ISO/IEC 27001:2022 标准","致力于达到ISO/IEC 27001:2022标准"
"TLS 1.3（传输）+ AES-256-GCM（静态）加密，密码采用 bcrypt","TLS 1.3（传输）+ AES-256-GCM（静态）加密，密码采用bcrypt"
"数据主体 11 项权利——7 天回复，30 天处理","数据主体11项权利——7天回复，30天处理"
"越中跨境传输经 SCCs + 正在向信息安全局登记","越中跨境传输经SCCs + 正在向信息安全局登记"
"每年 2 次渗透测试 + 漏洞赏金 $100-5,000","每年2次渗透测试 + 漏洞赏金$100-5,000"
"依第 13/2023 号法令第 23 条，数据泄露 72 小时内通报","依第13/2023号法令第23条，数据泄露72小时内通报"
"DPO：privacy@huayuesc.vn——热线 +86 181-2225-6999","DPO：privacy@huayuesc.vn——热线+86 181-2225-6999"
"可以。请发邮件至 privacy@huayuesc.vn，主题为「数据删除请求——[账户姓名/邮箱]」。华越将核实身份（通过 OTP），在 30 天内彻底删除，并应请求出具「删除证明」。请注意：依越南《税收管理法》，税务凭证（发票）须保存 10 年——这部分无法删除。","可以。请发邮件至privacy@huayuesc.vn，主题为「数据删除请求——[账户姓名/邮箱]」。华越将核实身份（通过OTP），在30天内彻底删除，并应请求出具「删除证明」。请注意：依越南《税收管理法》，税务凭证（发票）须保存10年——这部分无法删除。"
"有可能，如果您的交易需要华越广州代表处协助（验厂、验货、处理争议）。越中跨境数据传输受内部标准合同条款（SCCs）和 TLS 1.3 加密保护；华越正依第 13/2023 号法令第 25 条向越南信息安全局完成登记。您有权要求不传输——发邮件给 DPO，我们将予以尊重，尽管可能因此限制实地验厂服务。","有可能，如果您的交易需要华越广州代表处协助（验厂、验货、处理争议）。越中跨境数据传输受内部标准合同条款（SCCs）和TLS 1.3加密保护；华越正依第13/2023号法令第25条向越南信息安全局完成登记。您有权要求不传输——发邮件给DPO，我们将予以尊重，尽管可能因此限制实地验厂服务。"
"安全。华越采用 bcrypt 哈希，工作因子 12 + 逐用户加盐 + pepper——即便数据库泄露，破解密码也需要数十亿年的算力。不过仍建议您：（1）设置强且唯一的密码，（2）在 /buyer-center/settings/security 开启 2FA，（3）若听闻您使用同一邮箱的其他网站发生事故，请及时改密码。","安全。华越采用bcrypt哈希，工作因子12 + 逐用户加盐 + pepper——即便数据库泄露，破解密码也需要数十亿年的算力。不过仍建议您：（1）设置强且唯一的密码，（2）在/buyer-center/settings/security开启2FA，（3）若听闻您使用同一邮箱的其他网站发生事故，请及时改密码。"
"华越官方邮件始终来自 @huayuesc.vn 域名。交易邮件来自 no-reply@huayuesc.vn。来自 DPO/HR 的邮件域名为 @huayuesc.vn。如有疑虑，请将该邮件转发至 privacy@huayuesc.vn，我们将在 4 小时内核实。黄金法则：华越绝不会通过邮件/电话索要密码。","华越官方邮件始终来自@huayuesc.vn域名。交易邮件来自no-reply@huayuesc.vn。来自DPO/HR的邮件域名为@huayuesc.vn。如有疑虑，请将该邮件转发至privacy@huayuesc.vn，我们将在4小时内核实。黄金法则：华越绝不会通过邮件/电话索要密码。"
"联系 DPO","联系DPO"
"立即联系 DPO","立即联系DPO"
"5 步 B2B 进口流程——从寻找供应商到收货入仓。平均 32-48 天。","5步B2B进口流程——从寻找供应商到收货入仓。平均32-48天。"
"12-18 天","12-18天"
"32-48 天","32-48天"
"T/T 定金","T/T定金"
"T/T 尾款","T/T尾款"
"步骤 1——寻找产品并发送询价","步骤1——寻找产品并发送询价"
"步骤 2——索取样品（Sample Order）","步骤2——索取样品（Sample Order）"
"步骤 3——通过托管账户支付 T/T 30% 定金","步骤3——通过托管账户支付T/T 30%定金"
"步骤 4——实地验货并支付 70%","步骤4——实地验货并支付70%"
"步骤 5——DDP 运输与清关","步骤5——DDP运输与清关"
"步骤 6——收货与品质确认","步骤6——收货与品质确认"
"实际税费计算示例（Excel 式拆解）","实际税费计算示例（Excel式拆解）"
"ACFTA + RCEP 关税优惠——Form E 与 Form RCEP","ACFTA + RCEP关税优惠——Form E与Form RCEP"
"在 Huayuesc（huayuesc.vn/products）按 12 个主要分类浏览产品，或通过 /buying-request 发送详细询价。24 小时内，AI 匹配系统会将询价发送给 5-10 家最匹配的已认证供应商。收到的每份报价包含：FOB 价 + 运至越南仓库的 DDP 价、起订量、交期、样品政策、付款条件。在索样前，采购商可通过 Huayuesc 与供应商直接视频通话，查看工厂 + 实物产品。提示：询价越详细（尺寸、材质、OEM 标志、目标零售），报价越准确，越少需要二次议价。","在Huayuesc（huayuesc.vn/products）按12个主要分类浏览产品，或通过/buying-request发送详细询价。24小时内，AI匹配系统会将询价发送给5-10家最匹配的已认证供应商。收到的每份报价包含：FOB价 + 运至越南仓库的DDP价、起订量、交期、样品政策、付款条件。在索样前，采购商可通过Huayuesc与供应商直接视频通话，查看工厂 + 实物产品。提示：询价越详细（尺寸、材质、OEM标志、目标零售），报价越准确，越少需要二次议价。"
"首次与某供应商采购时，索取样品是不可跳过的环节。流程：（1）在产品详情页点击「索取样品」。（2）样品费 $30-200 + 运费 $20-40（经华越广州办事处与其他样品合并运输）。（3）从下单到运抵越南仓库交期 8-12 天。（4）以实际功能测试样品 2-4 周。（5）向同一供应商下达起订量订单时，样品费 100% 返还。CSR 建议同一 SKU 索取 3-5 件样品，以测试供应商的一致性。对于 OEM 产品（标志、定制颜色/尺寸），需额外索取「OEM 样品」，费用 $80-300——在下达起订量前验证定制能力。（详见 /info/sample-orders）。","首次与某供应商采购时，索取样品是不可跳过的环节。流程：（1）在产品详情页点击「索取样品」。（2）样品费$30-200 + 运费$20-40（经华越广州办事处与其他样品合并运输）。（3）从下单到运抵越南仓库交期8-12天。（4）以实际功能测试样品2-4周。（5）向同一供应商下达起订量订单时，样品费100%返还。CSR建议同一SKU索取3-5件样品，以测试供应商的一致性。对于OEM产品（标志、定制颜色/尺寸），需额外索取「OEM样品」，费用$80-300——在下达起订量前验证定制能力。（详见/info/sample-orders）。"
"透明的 6 步流程 + 正确运用 ACFTA/RCEP 优惠——越南采购商相比通过传统中间商采购，成本可降低 30-40%。这就是 Huayuesc 的差异化所在。","透明的6步流程 + 正确运用ACFTA/RCEP优惠——越南采购商相比通过传统中间商采购，成本可降低30-40%。这就是Huayuesc的差异化所在。"
"Huayuesc 客户成功团队","Huayuesc客户成功团队"
"24 小时内获得 5-10 家已认证供应商的免费报价","24小时内获得5-10家已认证供应商的免费报价"
"样品 $30-200，下达起订量时 100% 返还——样品中心合并运输","样品$30-200，下达起订量时100%返还——样品中心合并运输"
"≥$5K 订单免费实地验货——报告含 100+ 张照片 + 视频","≥$5K订单免费实地验货——报告含100+张照片+视频"
"DDP 一站式——无需操心税费、海关、境内运输","DDP一站式——无需操心税费、海关、境内运输"
"Form E + Form RCEP——节省 5-15% 进口税","Form E + Form RCEP——节省5-15%进口税"
"VNACCS/VCIS 电子海关——75% 货物 2 小时内走绿色通道","VNACCS/VCIS电子海关——75%货物2小时内走绿色通道"
"实时跟踪 + 海运保险 0.5% 货值","实时跟踪+海运保险0.5%货值"
"视工厂而定——通常为 $500-2000 或 50-100 件。部分供应商对通过 Huayuesc 的新采购商接受 $200 起订量。CSR 设有「合并起订量」计划，帮助 2-3 家同行业采购商拼单达到优惠起订量，而每方仅取 1/3。","视工厂而定——通常为$500-2000或50-100件。部分供应商对通过Huayuesc的新采购商接受$200起订量。CSR设有「合并起订量」计划，帮助2-3家同行业采购商拼单达到优惠起订量，而每方仅取1/3。"
"大多数建材、家具、卫浴、LED 灯、家电无需许可证。以下需要许可证：保健食品、化妆品、医疗器械、化学品、药品、图书、交通工具。Huayuesc 会在下单前按 HS 编码提供具体咨询。新采购商可发邮件至 legal@huayuesc.vn 获取免费咨询。","大多数建材、家具、卫浴、LED灯、家电无需许可证。以下需要许可证：保健食品、化妆品、医疗器械、化学品、药品、图书、交通工具。Huayuesc会在下单前按HS编码提供具体咨询。新采购商可发邮件至legal@huayuesc.vn获取免费咨询。"
"建材（瓷砖、石材、水泥）HS 6907-6914：最惠国 5-10%，有 Form E 为 0%。木质家具 HS 9403：最惠国 20%（依第 12/2026 号通知由 25% 下调），有 Form E 为 0%。LED 灯 HS 9405：最惠国 5%，有 Form E 为 0%。卫浴 HS 6911-6912：最惠国 15-20%，有 Form E 为 0%。电子 HS 8536-8543：最惠国 0-15%，有 Form E 为 0%。采购商应始终优先选择能签发 Form E 的供应商以节税。","建材（瓷砖、石材、水泥）HS 6907-6914：最惠国5-10%，有Form E为0%。木质家具HS 9403：最惠国20%（依第12/2026号通知由25%下调），有Form E为0%。LED灯HS 9405：最惠国5%，有Form E为0%。卫浴HS 6911-6912：最惠国15-20%，有Form E为0%。电子HS 8536-8543：最惠国0-15%，有Form E为0%。采购商应始终优先选择能签发Form E的供应商以节税。"
"依反洗钱规定，个人可按 5,000 美元/单的限额进口。企业（有税号）可不限额进口，且可抵扣进项增值税（10%）。建议常采购（每年 ≥3 单）的采购商注册企业以优化税务。","依反洗钱规定，个人可按5,000美元/单的限额进口。企业（有税号）可不限额进口，且可抵扣进项增值税（10%）。建议常采购（每年≥3单）的采购商注册企业以优化税务。"
"交期能比 5-7 天更快吗？","交期能比5-7天更快吗？"
"可以，采用空运快件（DHL/FedEx）——佛山 → 河内 2-4 天。运费 $8-15/kg（比海运贵 5-7 倍）。适合样品、紧急补货、高价值小体积货物。每单最低收费 $100。请联系 logistics@huayuesc.vn 订舱。","可以，采用空运快件（DHL/FedEx）——佛山→河内2-4天。运费$8-15/kg（比海运贵5-7倍）。适合样品、紧急补货、高价值小体积货物。每单最低收费$100。请联系logistics@huayuesc.vn订舱。"
"Huayuesc 如何向采购商收费？","Huayuesc如何向采购商收费？"
"对采购商完全免费。Huayuesc 在交易成功时向供应商收取 5% 佣金。采购商只支付：货款（按与供应商的 PO）+ DDP 运费（透明拆解）。没有会员费、交易费、中介费、实地验货费（≥$5K 订单免费）。","对采购商完全免费。Huayuesc在交易成功时向供应商收取5%佣金。采购商只支付：货款（按与供应商的PO）+ DDP运费（透明拆解）。没有会员费、交易费、中介费、实地验货费（≥$5K订单免费）。"
"DDP = 货款 + 运费 + 进口税 + 10% 增值税 + 清关费 + 送货入仓。不再产生额外费用。","DDP = 货款 + 运费 + 进口税 + 10%增值税 + 清关费 + 送货入仓。不再产生额外费用。"
"参考：佛山至河内 20 尺集装箱（约 28 立方米）= $1,800-2,400。40 尺集装箱（约 58 立方米）= $2,800-3,500。LCL 拼箱：$90-130/立方米。","参考：佛山至河内20尺集装箱（约28立方米）= $1,800-2,400。40尺集装箱（约58立方米）= $2,800-3,500。LCL拼箱：$90-130/立方米。"
"进口税取决于 HS 编码。Huayuesc 提供在线运费计算工具——只需输入 FOB 价和 HS 编码，系统 30 秒内即可估算 DDP。","进口税取决于HS编码。Huayuesc提供在线运费计算工具——只需输入FOB价和HS编码，系统30秒内即可估算DDP。"
"发送询价以获取准确 DDP 报价","发送询价以获取准确DDP报价"
"您的资金由 Huayuesc 托管账户保管。若货物与描述不符，100% 退款。","您的资金由Huayuesc托管账户保管。若货物与描述不符，100%退款。"
"3 天","3天"
"Huayuesc 上的每一笔交易都受交易保障。您的 T/T 30% 定金和 70% 尾款存放于合作银行托管账户（不在 Huayuesc 手中，也不在供应商手中）。供应商只有在您确认收到合格货物后才能拿到钱。若您在交货后 14 天内未确认，系统将自动放款，以免无端占用资金。","Huayuesc上的每一笔交易都受交易保障。您的T/T 30%定金和70%尾款存放于合作银行托管账户（不在Huayuesc手中，也不在供应商手中）。供应商只有在您确认收到合格货物后才能拿到钱。若您在交货后14天内未确认，系统将自动放款，以免无端占用资金。"
"若货物与描述不符、延误或有瑕疵，请自收货之日起 7 天内提交投诉。附上证明的图文/视频、订单号、运输单据。Huayuesc 争议团队 24 小时内确认并展开调查。用中文联系供应商，必要时在采购商仓库验货。3-5 个工作日内给出处理方案。","若货物与描述不符、延误或有瑕疵，请自收货之日起7天内提交投诉。附上证明的图文/视频、订单号、运输单据。Huayuesc争议团队24小时内确认并展开调查。用中文联系供应商，必要时在采购商仓库验货。3-5个工作日内给出处理方案。"
"3 种处理方案：（1）从托管账户 100% 退款——若货物严重与描述不符。（2）免费换货——供应商重新生产 + 免费 DDP 运回越南。（3）协商赔偿——若属轻微瑕疵且采购商同意留货，则减价 X%。Huayuesc 直接出面与供应商交涉，采购商无需懂中文。投诉处理对采购商有利的比例：87%（2025 年第三季度报告）。","3种处理方案：（1）从托管账户100%退款——若货物严重与描述不符。（2）免费换货——供应商重新生产+免费DDP运回越南。（3）协商赔偿——若属轻微瑕疵且采购商同意留货，则减价X%。Huayuesc直接出面与供应商交涉，采购商无需懂中文。投诉处理对采购商有利的比例：87%（2025年第三季度报告）。"
"交易保障是 Huayuesc 的「头号差异化优势」。新采购商可以下 $50K 的订单，安心程度如同与越南本地供应商交易。","交易保障是Huayuesc的「头号差异化优势」。新采购商可以下$50K的订单，安心程度如同与越南本地供应商交易。"
"定金存放于合作银行托管账户（而非 Huayuesc）","定金存放于合作银行托管账户（而非Huayuesc）"
"投诉窗口 7 天，处理 3-5 个工作日","投诉窗口7天，处理3-5个工作日"
"Huayuesc 出面用中文与供应商交涉","Huayuesc出面用中文与供应商交涉"
"采购商有权自收货之日起 7 天内投诉。华越按三级解决：内部调解（河内 + 广州团队）→ VIAC 仲裁 → 河内市人民法院。SLA：邮件 6 小时，热线 +86 181-2225-6999 1 小时。","采购商有权自收货之日起7天内投诉。华越按三级解决：内部调解（河内+广州团队）→ VIAC仲裁 → 河内市人民法院。SLA：邮件6小时，热线+86 181-2225-6999 1小时。"
"华越的供应链模式建立在两张相辅相成的合作伙伴网络之上。进口端（货源）：我们不自行生产——我们甄选并与中国 3 大制造集群的顶尖工厂合作：广东（佛山的陶瓷 + 卫浴、乐从的家具、中山的灯具与家电）、福建（天然石材、地板）、山东（机械、五金）。出口端（销售渠道）：遍布越南 63 个省市的分销商、建筑承包商及室内装饰设计公司网络。与「低买高卖」的市集模式不同，华越是一条真正的 B2B 供应链——货物从工厂 → 广州保税仓 → 海防港 → 华越仓库（河内春芳坊宝玉大厦）→ 直送终端消费点。","华越的供应链模式建立在两张相辅相成的合作伙伴网络之上。进口端（货源）：我们不自行生产——我们甄选并与中国3大制造集群的顶尖工厂合作：广东（佛山的陶瓷+卫浴、乐从的家具、中山的灯具与家电）、福建（天然石材、地板）、山东（机械、五金）。出口端（销售渠道）：遍布越南63个省市的分销商、建筑承包商及室内装饰设计公司网络。与「低买高卖」的市集模式不同，华越是一条真正的B2B供应链——货物从工厂→广州保税仓→海防港→华越仓库（河内春芳坊宝玉大厦）→直送终端消费点。"
"🏪 越南 63 省市的建材与家具分销经销商（扩展中）","🏪 越南63省市的建材与家具分销经销商（扩展中）"
"🏗 建筑承包商 + 室内装饰设计公司——战略合作伙伴","🏗 建筑承包商+室内装饰设计公司——战略合作伙伴"
"🏭 中国 3 大工厂集群：广东 + 福建 + 山东","🏭 中国3大工厂集群：广东+福建+山东"
"🎤 每年在越南举办新品发布会 + 专题论坛","🎤 每年在越南举办新品发布会+专题论坛"
"发邮件至 partnership@huayuesc.vn 并附上：营业执照、现有展厅/仓库信息、正在分销的行业（建材 / 家具 / 家电）、覆盖区域。华越河内团队将在 5 个工作日内电话联系，必要时上门拜访。核实后签订经销合同——无会员费，仅按销售额分成佣金。","发邮件至 partnership@huayuesc.vn 并附上：营业执照、现有展厅/仓库信息、正在分销的行业（建材/家具/家电）、覆盖区域。华越河内团队将在 5 个工作日内电话联系，必要时上门拜访。核实后签订经销合同——无会员费，仅按销售额分成佣金。"
"自己赴华：要懂中文、熟悉市场、与工厂有关系、操心物流 + 清关。通过中间商：无法在源头把控品质、易被暗中加价、缺乏清晰法律保障。华越：有越南注册法人主体（税号 0111453693），出厂前在工厂验货，DDP 送货入仓，7×24 越南语支持，有交易保障——货物若不符承诺即可退款。","自己赴华：要懂中文、熟悉市场、与工厂有关系、操心物流+清关。通过中间商：无法在源头把控品质、易被暗中加价、缺乏清晰法律保障。华越：有越南注册法人主体（税号 0111453693），出厂前在工厂验货，DDP 送货入仓，7×24 越南语支持，有交易保障——货物若不符承诺即可退款。"
"可以，面向年采购 ≥$100K 的企业级采购商。请联系 sales@huayuesc.vn 获取 API key + webhook URL。文档见 docs.huayuesc.vn/api/tracking。免费层每天 1000 次请求，专业版 $99/月不限量。","可以，面向年采购额 ≥$100K 的企业级采购商。请联系 sales@huayuesc.vn 获取 API key 及 webhook URL。文档见 docs.huayuesc.vn/api/tracking。免费层每天 1000 次请求，专业版 $99/月不限量。"
"开启争议（dispute）流程与证据","开启争议流程与证据"
"Huayuesc 交易保障团队","华越交易保障团队"
"💸 采购商 0% 费用——供应商支付 1.5%，已含在价格中","💸 采购商0%费用——供应商支付1.5%，已含在价格中"
"🛡 最高保护订单价值的 100%","🛡 最高保护订单价值的100%"
"🔍 收货后 7 天验货期","🔍 收货后7天验货期"
"⚖ 争议调解 3 天，平均 11 天解决","⚖ 争议调解3天，平均11天解决"
"Huayuesc 上的所有订单都必须使用交易保障吗？","华越上的所有订单都必须使用交易保障吗？"
"若采购商与供应商在 CSR 之外私下约定付款，是否受保护？","若采购商与供应商在平台之外私下约定付款，是否受保护？"
"不受保护。交易保障仅适用于通过 CSR 托管账户的付款。采购商与供应商在系统外的任何 P2P 交易均不在保护范围内。这也是 CSR 提醒不要个人转账的原因——务必转入订单专属账户。","不受保护。交易保障仅适用于通过平台托管账户的付款。采购商与供应商在系统外的任何P2P交易均不在保护范围内。这也是平台提醒不要个人转账的原因——务必转入订单专属账户。"
"$20,000 以下订单非必需——详细的照片和视频即可。$20,000 以上订单或涉及 AQL/品质的复杂争议，我们强烈建议提供第三方报告（费用 $200-450/集装箱）——这类证据在争议专员裁定中分量最高。","$20,000以下订单非必需——详细的照片和视频即可。$20,000以上订单或涉及AQL/品质的复杂争议，我们强烈建议提供第三方报告（费用$200-450/集装箱）——这类证据在争议专员裁定中分量最高。"
"不直接覆盖。交易保障仅覆盖货值（FOB 或 CIF 价值）。运费、关税及越南港口费用不在托管账户内。但若订单经裁定因供应商全责而退款，供应商须按条款额外赔偿运费损失——此部分逐案协商。","不直接覆盖。交易保障仅覆盖货值（FOB或CIF价值）。运费、关税及越南港口费用不在托管账户内。但若订单经裁定因供应商全责而退款，供应商须按条款额外赔偿运费损失——此部分逐案协商。"
"资金仍在托管账户而非供应商处。CSR 将在 7 个工作日内向采购商 100% 退款（只需通过天眼查或官方公告法律确认供应商已停业）。这是托管账户相比直接电汇的最大优势之一——资金从不属于供应商的可被查封财产。","资金仍在托管账户而非供应商处。平台将在7个工作日内向采购商100%退款（只需通过天眼查或官方公告法律确认供应商已停业）。这是托管账户相比直接电汇的最大优势之一——资金从不属于供应商的可被查封财产。"
"每年针对华越聚焦的三大行业（建材 · 装饰材料 · 厨卫家电）发布 12-18 份报告——涵盖广东工厂价格、CNY/VND 汇率波动、上海期货原料指数，直至越南海关总局和 GACC 的新税收政策。越南采购商手握数据，得以与中国工厂平等谈判。","每年针对华越聚焦的三大行业（建材·装饰材料·厨卫家电）发布12-18份报告——涵盖广东工厂价格、CNY/VND汇率波动、上海期货原料指数，直至越南海关总局和GACC的新税收政策。越南采购商手握数据，得以与中国工厂平等谈判。"
"报告 / 年","报告/年"
"3（建材 · 装饰 · 厨卫家电）","3（建材·装饰·厨卫家电）"
"对应华越三大行业的 3 类报告","对应华越三大行业的3类报告"
"长期以来，从中国进行 B2B 采购是一场工厂掌握全部信息、越南采购商被动跟随的博弈。佛山工厂精确知道今天的黏土价格、本周的 CNY/VND 汇率、即将变更的增值税退税政策——而所有这些信息都被用来对越南采购商定价。与此同时，采购商只看到工厂报出的最终数字，无从核实。华越发布市场情报报告以拉平赛场：汇总来自华越合作工厂、上海期货交易所（SHFE）、越南海关总局、中国商务部（MOFCOM）的数据——编辑成通俗易懂的越南语报告，配有图表和供采购商落地执行的洞见。","长期以来，从中国进行B2B采购是一场工厂掌握全部信息、越南采购商被动跟随的博弈。佛山工厂精确知道今天的黏土价格、本周的CNY/VND汇率、即将变更的增值税退税政策——而所有这些信息都被用来对越南采购商定价。与此同时，采购商只看到工厂报出的最终数字，无从核实。华越发布市场情报报告以拉平赛场：汇总来自华越合作工厂、上海期货交易所（SHFE）、越南海关总局、中国商务部（MOFCOM）的数据——编辑成通俗易懂的越南语报告，配有图表和供采购商落地执行的洞见。"
"每月报告内容包括：（a）三大行业工厂价格波动——与上月及去年同期对比，数据取自华越合作工厂（匿名聚合）。（b）CNY/VND/USD 汇率——周走势、1-2 个月短期预测。（c）主要原料价格——陶瓷黏土、MDF/HDF 木材、钢卷、铜、铝——取自 SHFE 及相关交易所。（d）进出口税收政策——更新三大行业 HS 编码的 ACFTA/RCEP 优惠，越南海关总局或 GACC 有变动时发出预警。（e）行业资讯——新开工厂、新技术（纳米镀层、600×1200 陶瓷、COB LED 灯）、即将到来的展会。（f）给采购商的建议——下单良机（原料下行）、酝酿涨价的时点（新税收政策）。","每月报告内容包括：（a）三大行业工厂价格波动——与上月及去年同期对比，数据取自华越合作工厂（匿名聚合）。（b）CNY/VND/USD汇率——周走势、1-2个月短期预测。（c）主要原料价格——陶瓷黏土、MDF/HDF木材、钢卷、铜、铝——取自SHFE及相关交易所。（d）进出口税收政策——更新三大行业HS编码的ACFTA/RCEP优惠，越南海关总局或GACC有变动时发出预警。（e）行业资讯——新开工厂、新技术（纳米镀层、600×1200陶瓷、COB LED灯）、即将到来的展会。（f）给采购商的建议——下单良机（原料下行）、酝酿涨价的时点（新税收政策）。"
"方法论：三源校验——所有关键数据均有至少 3 个独立来源一致印证。工厂价格数据：汇总自 20+ 家华越合作供应商（匿名，仅聚合）+ 抓取 1688.com 和 Made-in-China.com 的公开报价 + 广东行业协会（佛山商会、广东省工商联）报告。汇率：银行间参考汇率、PBOC 中间价、Reuters 即期。原料：SHFE 上海期货（钢、铜、铝）、Bloomberg 原油。政策：越南海关总局、GACC、MOFCOM、越南财政部。编辑团队：广州采购团队（熟悉工厂）+ 河内团队（熟悉越南市场）+ 1 名常驻外经济顾问。","方法论：三源校验——所有关键数据均有至少3个独立来源一致印证。工厂价格数据：汇总自20+家华越合作供应商（匿名，仅聚合）+ 抓取1688.com和Made-in-China.com的公开报价 + 广东行业协会（佛山商会、广东省工商联）报告。汇率：银行间参考汇率、PBOC中间价、Reuters即期。原料：SHFE上海期货（钢、铜、铝）、Bloomberg原油。政策：越南海关总局、GACC、MOFCOM、越南财政部。编辑团队：广州采购团队（熟悉工厂）+ 河内团队（熟悉越南市场）+ 1名常驻外经济顾问。"
"（广州，4 月 + 10 月）——中国最大 B2B 展会，华越设代表展位并组织越南采购团。","（广州，4月+10月）——中国最大B2B展会，华越设代表展位并组织越南采购团。"
"（广州 3 月，上海 9 月）——家具专业展，家具品类的主要合作展会。","（广州3月，上海9月）——家具专业展，家具品类的主要合作展会。"
"（佛山，4 月和 10 月）——瓷砖与卫浴专业展。","（佛山，4月和10月）——瓷砖与卫浴专业展。"
"（胡志明市 6 月，河内 11 月）——越南建材展，华越邀请中国工厂与海防团队一同参展。","（胡志明市6月，河内11月）——越南建材展，华越邀请中国工厂与海防团队一同参展。"
"（中国海关，中国海关）——核查实际出口资质及曾申报的 HS 编码。（c）","（中国海关，中国海关）——核查实际出口资质及曾申报的HS编码。（c）"
"每 12 个月定期复审一次","每12个月定期复审一次"
"——来自乐从、东莞、中山的沙发、橱柜、地板、铺贴石材、MDF/HDF 价格。","——来自乐从、东莞、中山的沙发、橱柜、地板、铺贴石材、MDF/HDF价格。"
"✨ Huayuesc 的承诺","✨ Huayuesc的承诺"
"免费发送询价，24 小时内获得 5-10 家供应商报价。不经中间商，无隐藏费用。","免费发送询价，24小时内获得5-10家供应商报价。不经中间商，无隐藏费用。"
"40+ 家已验厂工厂","40+家已验厂工厂"
"24 小时内报价","24小时内报价"
"发送 1 份询价，1 个工作日内收到 5–10 家合适工厂的报价。","发送1份询价，1个工作日内收到5–10家合适工厂的报价。"
"若货物与描述不符、数量有误或逾期交货，100% 退款。","若货物与描述不符、数量有误或逾期交货，100%退款。"
"DDP 送货到仓 18 天","DDP送货到仓18天"
"一站式运输 + 关税 + 清关，从广州/宁波到河内/胡志明市。","一站式运输+关税+清关，从广州/宁波到河内/胡志明市。"
"40+ 家工厂","40+家工厂"
"2025 年交易额","2025年交易额"
"✓ SSL 加密","✓ SSL加密"
"✓ TÜV 审核","✓ TÜV审核"
"收到的货与样品一致，交货速度快。第二批将再订 2 个集装箱。","收到的货与样品一致，交货速度快。第二批将再订2个集装箱。"
"6 小时内快速报价。供应商支持出货前视频验货。","6小时内快速报价。供应商支持出货前视频验货。"
"品质好，出口级包装。价格比国内低 30%，很有竞争力。","品质好，出口级包装。价格比国内低30%，很有竞争力。"
"DDP 送货到仓，不产生额外税费。比自己安排物流节省 4 天。","DDP送货到仓，不产生额外税费。比自己安排物流节省4天。"
"1 箱受损时交易保障全额退款，值得信赖。","1箱受损时交易保障全额退款，值得信赖。"
"已收 3 个集装箱，无任何投诉。将继续合作。","已收3个集装箱，无任何投诉。将继续合作。"
"支持 OEM/ODM","支持OEM/ODM"
"20 – 30 天","20 – 30天"
"T/T 30% 预付，70% 出货前付清","T/T 30%预付，70%出货前付清"
"FOB / CIF / DDP 至越南","FOB / CIF / DDP至越南"
"越南本地 12 个月","越南本地12个月"
"&ldquo;免费验厂帮我避开了 1 家假冒供应商——实际价值远超 $400。&rdquo;","“免费验厂帮我避开了 1 家假冒供应商——实际价值远超 $400。”"
"&ldquo;DDP 免费加首单 9 折，首批货为我省下了 2,200 万越南盾。&rdquo;","“DDP 免费加首单 9 折，首批货为我省下了 2,200 万越南盾。”"
"例：200,000 pcs / month","例：200,000 件/月"
"例：500 pcs / 50 kg / 1×20 集装箱","例：500 件 / 50 千克 / 1×20 集装箱"
"工厂注册 — Huayuesc","工厂注册 — 华越供应链"
"~30 天","约 30 天"
"制造商（Manufacturer）","制造商"
"制造商 + 贸易（Manufacturer + Trading）","制造商 + 贸易"
"贸易公司（Trading Company）","贸易公司"
"分销商 / 代理（Distributor / Agent）","分销商/代理"
"7 – 15 天","7–15 天"
"15 – 30 天","15–30 天"
"30 – 45 天","30–45 天"
"45 – 60 天","45–60 天"
"年出口额（USD）","年出口额（美元）"
"微信 / WhatsApp","微信/WhatsApp"
"以图搜索 — Huayuesc","以图搜索 — 华越供应链"
"有“CSR Fulfilled”模式，自 2026 年第 3 季度起推行：供应商以 FOB 将货物交给位于香港或广州的华越物流，华越负责全部运输 + 清关 + 配送至越南经销商。供应商只需运至口岸。物流费 8–15%（视行业而定），无设置费。目前正与 8 家高级套餐供应商试运行。","有“CSR Fulfilled”模式，自2026年第3季度起推行：供应商以FOB将货物交给位于香港或广州的华越物流，华越负责全部运输+清关+配送至越南经销商。供应商只需运至口岸。物流费8–15%（视行业而定），无设置费。目前正与8家高级套餐供应商试运行。"
"强烈建议但非强制。华越约 78% 的订单正在使用交易保障。供应商采用可提高成交率（据内部数据，经销商信任度高出 3.4 倍），尤其在与新经销商的首单中。每单 1.5% 费用已含在挂牌价中，无隐藏费用。","强烈建议但非强制。华越约78%的订单正在使用交易保障。供应商采用可提高成交率（据内部数据，经销商信任度高出3.4倍），尤其在与新经销商的首单中。每单1.5%费用已含在挂牌价中，无隐藏费用。"
"入驻 CSR — 通过华越向越南做 B2B 出口","入驻CSR — 通过华越向越南做B2B出口"
"专注越南 – 中国市场的 B2B 平台。已认证的越南分销伙伴与经销商、通过越南和中国合作银行的交易保障、中越双语客户经理。20+ 供应商已注册，验厂免费，从注册到首单 30 天。","专注越南–中国市场的B2B平台。已认证的越南分销伙伴与经销商、通过越南和中国合作银行的交易保障、中越双语客户经理。20+供应商已注册，验厂免费，从注册到首单30天。"
"🏭 入驻 CSR · 供应商专属","🏭 入驻CSR · 供应商专属"
"B2B 出口越南","B2B出口越南"
"专注越南 – 中国市场的 B2B 平台，覆盖家具、材料、卫浴洁具、家用电器行业。","专注越南–中国市场的B2B平台，覆盖家具、材料、卫浴洁具、家用电器行业。"
"挂牌 100% 免费","挂牌100%免费"
"——只有供应商成交订单后我们才收费。“不盈利不收费”承诺：若尚未盈利，华越全额免费。40+ 合作工厂在采用多方共赢模式 24 个月后实现 300%+ 增长。","——只有供应商成交订单后我们才收费。“不盈利不收费”承诺：若尚未盈利，华越全额免费。40+合作工厂在采用多方共赢模式24个月后实现300%+增长。"
"💬 预约 30 分钟咨询","💬 预约30分钟咨询"
"20+ 工厂选择我们平台的 6 大理由","20+工厂选择我们平台的6大理由"
"挂牌 100% 免费——只在交易成交时收费","挂牌100%免费——只在交易成交时收费"
"的原则，助力各方互通商贸。我们不收注册费、不收验厂费、不收年度会员费。唯一的费用是 1.5% 交易保障——仅在供应商成交订单且经销商确认收货后才产生。","的原则，助力各方互通商贸。我们不收注册费、不收验厂费、不收年度会员费。唯一的费用是1.5%交易保障——仅在供应商成交订单且经销商确认收货后才产生。"
"注册、验厂、挂牌全流程——100% 免费","注册、验厂、挂牌全流程——100%免费"
"若头 12 个月内供应商未能从华越获得实际利润，我们将","若头12个月内供应商未能从华越获得实际利润，我们将"
"——或继续免费延长 6 个月，共同寻找优化方向。我们坚信，只有各方共赢，B2B 平台才有价值。","——或继续免费延长6个月，共同寻找优化方向。我们坚信，只有各方共赢，B2B平台才有价值。"
"与 BD 团队沟通 →","与BD团队沟通 →"
"4 步流程","4步流程"
"从注册到首单平均 30 天","从注册到首单平均30天"
"10 项标准体系——必备 + 加分","10项标准体系——必备+加分"
"平均通过率 32%——以严格标准保护越南经销商","平均通过率32%——以严格标准保护越南经销商"
"不只是被动的店铺——我们运营 6 个主动营销渠道，让供应商精准触达有需求的经销商。","不只是被动的店铺——我们运营6个主动营销渠道，让供应商精准触达有需求的经销商。"
"6 家多年合作工厂——真实数据","6家多年合作工厂——真实数据"
"来自与华越同行 3 至 8 年的工厂负责人的直接分享。","来自与华越同行3至8年的工厂负责人的直接分享。"
"入驻 CSR 前","入驻CSR前"
"入驻 CSR 后","入驻CSR后"
"供应商最关心的 8 个问题","供应商最关心的8个问题"
"汇总自过去 12 个月对越南分销伙伴、已注册供应商及 20+ 现有合作伙伴的访谈。","汇总自过去12个月对越南分销伙伴、已注册供应商及20+现有合作伙伴的访谈。"
"注册免费，验厂免费。平均 30 天即可上架并接到首单。20+ 供应商已选择华越——无隐藏交易费，中越双语客户经理一对一服务。","注册免费，验厂免费。平均30天即可上架并接到首单。20+供应商已选择华越——无隐藏交易费，中越双语客户经理一对一服务。"
"42 家越南 · 中国 · 东盟协会，28+ 份 MOU","42 家越南·中国·东盟协会，28+ 份 MOU"
"VCB · BIDV · 中国银行担保——支付保障","VCB·BIDV·中国银行担保——支付保障"
"3 级升级——直接协商 · 调解 · VIAC 仲裁","3 级升级——直接协商·调解·VIAC 仲裁"
"电话 / 微信","电话/微信"
"$120M / 年","$120M/年"
"$80M / 年（66%）","$80M/年（66%）"
"研发 / 新样生产线","研发/新样生产线"
"焊接 / 激光切割机器人","焊接/激光切割机器人"
"🏅 欧盟 / 美国认证","🏅 欧盟/美国认证"
"🔧 OEM / ODM 定制","🔧 OEM/ODM 定制"
"• 木材 FSC 产销监管链认证","• 木材FSC产销监管链认证"
"所有沟通均通过华越进行，享受交易保障 + 中越自动翻译。专属客户经理在工作时间内","所有沟通均通过华越进行，享受交易保障+中越自动翻译。专属客户经理在工作时间内"
"30 分钟内","30分钟内"
"💬 微信 / WhatsApp：","💬 微信/WhatsApp："
"中文、英文，经 CSR 翻译可提供越南语","中文、英文，经CSR翻译可提供越南语"
"河内市纸桥郡黎文良街 48 号 Diamond Flower 大厦 21 层","河内市纸桥郡黎文良街48号Diamond Flower大厦21层"
"💬 Zalo 聊天","💬 Zalo聊天"
"60 秒表单——24 小时内回复。附规格、数量、交期。","60秒表单——24小时内回复。附规格、数量、交期。"
"打开询价表单 →","打开询价表单→"
"与销售部 + 车间实时视频通话（提供中越同声传译）。","与销售部+车间实时视频通话（提供中越同声传译）。"
"预约 →","预约→"
"越南采购商团由华越团队陪同——费用约 $580/4 天。","越南采购商团由华越团队陪同——费用约$580/4天。"
"报名 →","报名→"
"🧭 打开 Google 地图 →","🧭 打开Google地图→"
"🎬 360° 虚拟全景","🎬 360°虚拟全景"
"无需飞往中国即可身临其境参观工厂。拖动鼠标 360° 旋转，点击热点查看生产线、成品仓、QC 室、客户洽谈室。","无需飞往中国即可身临其境参观工厂。拖动鼠标360°旋转，点击热点查看生产线、成品仓、QC室、客户洽谈室。"
"的专属 360° 全景正由华越拍摄中。请联系客户经理，准备就绪后将通知您。当前您查看的是示例全景。","的专属360°全景正由华越拍摄中。请联系客户经理，准备就绪后将通知您。当前您查看的是示例全景。"
"即可 360° 旋转视角","即可360°旋转视角"
"或 +/− 按钮放大/缩小","或+/-按钮放大/缩小"
"有 VR 眼镜？","有VR眼镜？"
"点击底栏的眼镜图标进入 VR 模式","点击底栏的眼镜图标进入VR模式"
"想实地看工厂，而不是 VR？","想实地看工厂，而不是VR？"
"华越在广州 / 深圳 / 佛山组织 4 天 3 夜的实地验厂行程。费用约 $580/人，由华越团队 + 翻译陪同。","华越在广州/深圳/佛山组织4天3夜的实地验厂行程。费用约$580/人，由华越团队+翻译陪同。"
"7×24 小时即时","7×24小时即时"
"用中文回答产品、起订量、交期、打样、认证、付款及 OEM/ODM 问题。所有回答均源自工厂的目录 + 官方资料。","用中文回答产品、起订量、交期、打样、认证、付款及OEM/ODM问题。所有回答均源自工厂的目录+官方资料。"
"📚 AI 训练所用数据：","📚 AI训练所用数据："
"💡 点击话题查看 AI 示例回答：","💡 点击话题查看AI示例回答："
"平均响应 1.2s · 中文 + English","平均响应1.2s · 中文+English"
"CSR AI 正在输入……","CSR AI正在输入……"
"与 AI 实时聊天功能将于","与AI实时聊天功能将于"
"✅ AI 可以回答：","✅ AI可以回答："
"• 打样 + 定制下单流程","• 打样+定制下单流程"
"• 付款方式 + 保险","• 付款方式+保险"
"• 物流：FOB 港口、海运时间、DDP 河内","• 物流：FOB港口、海运时间、DDP河内"
"❌ AI 无法替代：","❌ AI无法替代："
"• 签署长期 OEM 合同","• 签署长期OEM合同"
"• 法律 / 争议决策","• 法律/争议决策"
"• ≥ $50K 复杂项目的报价","• ≥ $50K复杂项目的报价"
"• 需专属客户经理的 VIP 客户","• 需专属客户经理的VIP客户"
"：拖动鼠标 360° 旋转，滚动缩放，点击光点前往其他区域。点击","：拖动鼠标360°旋转，滚动缩放，点击光点前往其他区域。点击"
"查看更宽视野（每次点击会重新加载 360°），或","查看更宽视野（每次点击会重新加载360°），或"
"华越已审核的中越工厂与品牌名录：工厂位置、成立年份、规模、SKU 数量，以及上市公司的股票代码。","华越已审核的中越工厂与品牌名录：工厂位置、成立年份、规模、SKU数量，以及上市公司的股票代码。"
"10 – 30 年","10–30年"
"30 – 60 年","30–60年"
"60+ 年","60+年"
"X 年","X年"
"华越上的所有工厂均由广州团队每年实地验厂 2 次。","华越上的所有工厂均由广州团队每年实地验厂2次。"
"个 SKU","个SKU"
"2 家合作伙伴的工厂数据待补充","2家合作伙伴的工厂数据待补充"
"下方 2 家供应商的网站屏蔽了来自中国大陆以外网络的访问——华越正在等待官方 PDF 资料，或通过中国代理补充工厂数据。","下方2家供应商的网站屏蔽了来自中国大陆以外网络的访问——华越正在等待官方PDF资料，或通过中国代理补充工厂数据。"
"Mijic (米吉克)","Mijic（米吉克）"
"广钢 (Gise-Gnm)","广钢（Gise-Gnm）"
"11 月 porcelain 瓷砖价格下降 8%","11 月瓷砖价格下降 8%"
"适用于 Calacatta porcelain 系列。2026 年 11 月 30 日截止。","适用于 Calacatta 瓷砖系列。2026 年 11 月 30 日截止。"
"热销产品：","热销产品"
"YKK 拉链 · 杭州拉链","YKK 拉链·杭州拉链"
"东鹏陶瓷 · $8.50/㎡","东鹏陶瓷·$8.50/㎡"
"L 型转角沙发 6 座绒布","L型转角沙发 6座绒布"
"顾家家居 · $420/套","顾家家居·$420/套"
"欧派家居 · $210/米","欧派家居·$210/米"
"下载华越 APP","下载华越APP"
"综合 · 25K+ 供应商","综合·25K+ 供应商"
"华越将携 Made-in-China 合作伙伴共同参展的展会清单。","华越将携Made-in-China合作伙伴共同参展的展会清单。"
"华越带队 · 提供签证协助与 B2B 日程对接","华越带队·提供签证协助与B2B日程对接"
"每月通过邮件获取展会日程与 B2B 配对安排。","每月通过邮件获取展会日程与B2B配对安排。"
"三棵树鲜呼吸美缝剂（XHX-MFJ）达健康+、法国 A+、中国环境标志认证（十环），防霉抗菌、360° 抗弯断。适用于室内墙砖、地砖填缝","三棵树鲜呼吸美缝剂（XHX-MFJ）达健康+、法国 A+、中国环境标志认证（十环），防霉抗菌、360° 抗弯断。适用于室内墙砖、地砖填缝。"
"三棵树滚筒是专为三棵树产品系列开发的配套施工工具，与三棵树产品配合施工时兼容性更高，涂装效果好、施工性能卓越。产品","三棵树滚筒是专为三棵树产品系列开发的配套施工工具，与三棵树产品配合施工时兼容性更高，涂装效果好、施工性能卓越。"
"表面平滑，防污，擦拭迅速。","表面平滑，防污，易清洁。"
"Bravat D452BTC 按压式台盆落水，适用于带溢水孔的洗手盆，为浴室空间带来便利与美观。产品采用高端黄铜（brass）制造，防腐蚀、超耐用；按钮按压式机构简单，可快速高效地排水。","Bravat D452BTC 按压式台盆落水，适用于带溢水孔的洗手盆，为浴室空间带来便利与美观。产品采用高端黄铜制造，防腐蚀、超耐用；按钮按压式机构简单，可快速高效地排水。"
"按压式台盆落水（pop-up），适用带溢水孔的台盆","按压式台盆落水，适用带溢水孔的台盆"
"高端黄铜（brass），防腐蚀","高端黄铜，防腐蚀"
"按钮按压式（push-button），排水快速高效","按钮按压式，排水快速高效"
"Bravat D452BW 台盆落水（排水件），按压弹起式 pop-up，专为带溢水孔的洗手盆设计，可快速排放污水并防止水回流、渗漏或异味。存水弯主体采用黄铜（brass）制造，防锈、防腐蚀性能优异，即使在浴室等潮湿环境也耐用。","Bravat D452BW 台盆落水（排水件），按压弹起式，专为带溢水孔的洗手盆设计，可快速排放污水并防止水回流、渗漏或异味。存水弯主体采用黄铜制造，防锈、防腐蚀性能优异，即使在浴室等潮湿环境也耐用。"
"按压弹起式台盆落水（push up pop-up），带溢水孔（overflow hole）","按压弹起式台盆落水，带溢水孔"
"黄铜（brass）防锈、防腐蚀","黄铜防锈、防腐蚀"
"Bravat 按压式（push-up pop-up）无溢水孔台盆落水，采用高端黄铜制造，表面亮铬电镀，防腐蚀、经久耐用。按钮按压式机构简单，排水快速高效，适配多种台盆。","Bravat 按压式无溢水孔台盆落水，采用高端黄铜制造，表面亮铬电镀，防腐蚀、经久耐用。按钮按压式机构简单，排水快速高效，适配多种台盆。"
"按压式台盆落水（push-up pop-up），无溢水孔","按压式台盆落水，无溢水孔"
"Bravat D452RBG 按压式落水是台盆安装系统中的重要部件，可排放污水与杂物，并防止水回流、渗漏和异味。存水弯主体采用黄铜（brass）镀铬，在浴室等潮湿环境防锈、防腐蚀性能优异，兼具持久耐用与现代奢华的外观。","Bravat D452RBG 按压式落水是台盆安装系统中的重要部件，可排放污水与杂物，并防止水回流、渗漏和异味。存水弯主体采用黄铜镀铬，在浴室等潮湿环境防锈、防腐蚀性能优异，兼具持久耐用与现代奢华的外观。"
"按压弹起式落水（push-up pop-up），带溢水孔","按压弹起式落水，带溢水孔"
"Bravat C01011W 落地式马桶，采用冲落式（wash down）冲水与双档节水冲水机构 3.5/5L。产品配 UF 材质坐盖，具缓降（soft-close）功能，采用横排 P-trap 排污设计（可通过配件 P60391N 改为 S-trap）。","Bravat C01011W 落地式马桶，采用冲落式冲水与双档节水冲水机构 3.5/5L。产品配 UF 材质坐盖，具缓降功能，采用横排 P-trap 排污设计（可通过配件 P60391N 改为 S-trap）。"
"双档冲水 3.5 / 5L，冲落式（wash down）技术","双档冲水 3.5 / 5L，冲落式技术"
"UF 材质，缓降（soft-close）","UF 材质，缓降"
"Bravat C21185W-3CM-VP 无水箱智能马桶，采用强劲的喷射虹吸（Jet Siphonic）冲水技术，冲水量仅 5.0L 节水。产品集成电子功能，防水等级 IPX4，功率 650W，在 0.15-0.75MPa 水压范围内稳定运行。","Bravat C21185W-3CM-VP 无水箱智能马桶，采用强劲的喷射虹吸冲水技术，冲水量仅 5.0L 节水。产品集成电子功能，防水等级 IPX4，功率 650W，在 0.15-0.75MPa 水压范围内稳定运行。"
"智能马桶，无水箱（喷射虹吸 Jet Siphonic 冲水）","智能马桶，无水箱（喷射虹吸冲水）"
"排距（rough-in）","排距"
"Bravat C21250UW 落地式马桶，尺寸小巧 555x350x440mm，采用冲落式（wash down）冲水及双档节水冲水机构 3/4.5L。产品配 UF 材质坐盖，具缓降功能，采用横排式（P-trap）安装，排污中心距 180mm。","Bravat C21250UW 落地式马桶，尺寸小巧 555x350x440mm，采用冲落式冲水及双档节水冲水机构 3/4.5L。产品配 UF 材质坐盖，具缓降功能，采用横排式（P-trap）安装，排污中心距 180mm。"
"双档冲水 3 / 4.5L，冲落式（Wash Down）","双档冲水 3 / 4.5L，冲落式"
"不锈钢（stainless steel）","不锈钢"
"Bravat D71039BTC 壁挂衣钩，适用于现代浴室空间，采用坚固锌合金制造，防腐蚀能力强。表面采用枪黑色（Gun-black）电镀奢华处理，表面抗污、易于擦拭，在使用过程中保持原有美观。","Bravat D71039BTC 壁挂衣钩，适用于现代浴室空间，采用坚固锌合金制造，防腐蚀能力强。表面采用枪黑色电镀奢华处理，表面抗污、易于擦拭，在使用过程中保持原有美观。"
"锌合金（zinc alloy），防腐蚀，耐用性高","锌合金，防腐蚀，耐用性高"
"枪黑色（Gun-black）电镀","枪黑色电镀"
"Bravat D71039BW 衣钩属高端系列，设计极简、棱角线条利落，用于整齐悬挂浴巾、浴袍或个人物品。表面采用哑光黑（matte black）奢华处理，抗指纹与灰尘，易于擦拭。","Bravat D71039BW 衣钩属高端系列，设计极简、棱角线条利落，用于整齐悬挂浴巾、浴袍或个人物品。表面采用哑光黑奢华处理，抗指纹与灰尘，易于擦拭。"
"哑光黑（matte black），抗指纹与灰尘","哑光黑，抗指纹与灰尘"
"Bravat D71044BTC 衣钩（robe hook）是高端浴室配件，设计精致，表面镀枪黑色（gun black）现代处理，营造出色亮点且经久耐用。产品采用锌合金提升坚固性与防腐蚀能力，并结合不锈钢防锈，在潮湿环境保持耐用。","Bravat D71044BTC 衣钩是高端浴室配件，设计精致，表面镀枪黑色现代处理，营造出色亮点且经久耐用。产品采用锌合金提升坚固性与防腐蚀能力，并结合不锈钢防锈，在潮湿环境保持耐用。"
"镀枪黑色（gun black），防腐蚀、防锈","镀枪黑色，防腐蚀、防锈"
"衣钩（robe hook）","衣钩"
"Bravat D71046BTC 毛巾衣钩，设计精致现代，适合奢华生活空间。采用高耐用锌合金制造，防腐蚀性能好，表面采用枪黑色（gun-black）奢华处理，抗刮擦且易于清洁。","Bravat D71046BTC 毛巾衣钩，设计精致现代，适合奢华生活空间。采用高耐用锌合金制造，防腐蚀性能好，表面采用枪黑色奢华处理，抗刮擦且易于清洁。"
"锌合金（zinc alloy），耐用性高，防腐蚀","锌合金，耐用性高，防腐蚀"
"枪黑色（gun-black），抗刮擦，易于清洁","枪黑色，抗刮擦，易于清洁"
"CareLighting（开尔照明）隶属于浙江旭光电子科技有限公司（Zhejiang Xuguang Electronic Technology Co., Ltd.）——一家集 LED 灯具及家用电器研发、生产、销售与服务于一体的高新技术企业。公司于 2016 年挂牌新三板（代码 839762）；旗下「Kaier Lighting」是中国知名 LED 灯具品牌，产品覆盖流通/综合照明、家居、商业、集成设备及电器五大领域。","CareLighting（开尔照明）隶属于浙江旭光电子科技股份有限公司——一家集 LED 灯具及家用电器研发、生产、销售与服务于一体的高新技术企业。公司于 2016 年挂牌新三板（代码 839762）；旗下「Kaier Lighting」是中国知名 LED 灯具品牌，产品覆盖流通/综合照明、家居、商业、集成设备及电器五大领域。"
"CareLighting 开尔照明 (Kaier / Zhejiang Xuguang)","CareLighting 开尔照明 (Kaier / 浙江旭光)"
"LED 射灯（spotlight）","LED 射灯"
"开尔照明 GX53 灯头嵌入式 LED 射灯（spotlight），暖白光，照明品质高效优良。适合安装于客厅及家居生活空间。","开尔照明 GX53 灯头嵌入式 LED 射灯，暖白光，照明品质高效优良。适合安装于客厅及家居生活空间。"
"嵌入式 LED 射灯（spotlight）","嵌入式 LED 射灯"
"暖白光（warm white）","暖白光"
"开尔照明现代设计 GX53 灯头 LED 灯泡，用作办公室与客厅的射灯（spotlight）。造型简洁，适合装入采用 GX53 标准的嵌入式吊顶灯或柜灯。","开尔照明现代设计 GX53 灯头 LED 灯泡，用作办公室与客厅的射灯。造型简洁，适合装入采用 GX53 标准的嵌入式吊顶灯或柜灯。"
"室内嵌入式 / 点光源照明","室内嵌入式/点光源照明"
"橱柜 / 展示柜照明","橱柜/展示柜照明"
"开尔照明采用 GX53 灯头的 LED 灯，功率 5W，发出舒适的暖白光。属不可调光（非 dimmable）类型，适合用作橱柜、展示柜及薄型嵌入式吊顶灯的 GX53 替换光源。","开尔照明采用 GX53 灯头的 LED 灯，功率 5W，发出舒适的暖白光。属不可调光类型，适合用作橱柜、展示柜及薄型嵌入式吊顶灯的 GX53 替换光源。"
"开尔照明 GX53 灯头 LED 灯泡，功率 5W，灯体结合铝材与塑料，并配 PC（聚碳酸酯）扩散灯罩。支持调光（dimmable），适合安装于采用 GX53 灯头的嵌入式吊顶灯及射灯。","开尔照明 GX53 灯头 LED 灯泡，功率 5W，灯体结合铝材与塑料，并配 PC（聚碳酸酯）扩散灯罩。支持调光，适合安装于采用 GX53 灯头的嵌入式吊顶灯及射灯。"
"调光（dimmable）","调光"
"开尔照明 GX53 LED 灯，功率 5W，灯体结合铝材与塑料，支持调光（dimmable）。GX53 薄型设计，适合安装于柜内及各类室内空间。","开尔照明 GX53 LED 灯，功率 5W，灯体结合铝材与塑料，支持调光。GX53 薄型设计，适合安装于柜内及各类室内空间。"
"可充电电池（rechargeable）","可充电电池"
"达威尔（广东开平）—— 专业生产手工不锈钢水槽、厨房龙头、地漏（floor drain）及配件","达威尔（广东开平）—— 专业生产手工不锈钢水槽、厨房龙头、地漏及配件"
"食品级 SUS304 不锈钢水槽；手工（handmade）与拉伸（drawn）两大系列","食品级 SUS304 不锈钢水槽；手工与拉伸两大系列"
"地漏为强项产品线 —— 多种侧排 / 下排防臭款式","地漏为强项产品线 —— 多种侧排/下排防臭款式"
"纸箱 + 泡沫 / 保护膜保护不锈钢表面","纸箱 + 泡沫/保护膜保护不锈钢表面"
"按批量 / 集装箱；支持多型号混装","按批量/集装箱；支持多型号混装"
"水槽：按尺寸开台面孔（cut-out），加装卡扣并打边缘硅胶","水槽：按尺寸开台面孔，加装卡扣并打边缘硅胶"
"龙头：装入预留孔，接通冷 / 热水，检查渗漏","龙头：装入预留孔，接通冷/热水，检查渗漏"
"用软布加中性清洁剂顺纹擦拭；避免使用钢丝球及强酸，以防划伤 / 腐蚀。","用软布加中性清洁剂顺纹擦拭；避免使用钢丝球及强酸，以防划伤/腐蚀。"
"使用后擦干，避免水渍 / 水垢；定期疏通滤篮与排水存水弯。","使用后擦干，避免水渍/水垢；定期疏通滤篮与排水存水弯。"
"龙头 / 地漏","龙头/地漏"
"是否提供台面开孔（cut-out）尺寸？","是否提供台面开孔尺寸？"
"按批量 / 集装箱计；交期随订单确认。","按批量/集装箱计；交期随订单确认。"
"食品级 304 不锈钢水槽 / 配件，防锈，经久耐用美观。","食品级 304 不锈钢水槽/配件，防锈，经久耐用美观。"
"达威尔不锈钢水槽 —— 手工（handmade R10）与拉伸两大系列，厚实 SUS304 不锈钢，底部隔音，提供单 / 双槽多款，适用于家用及商用厨房。","达威尔不锈钢水槽 —— 手工（handmade R10）与拉伸两大系列，厚实 SUS304 不锈钢，底部隔音，提供单/双槽多款，适用于家用及商用厨房。"
"手工（handmade）/ 拉伸（drawn）","手工/拉伸"
"单 / 双槽，台下 / 台上","单/双槽，台下/台上"
"R 角合理、表面平滑，清洁快捷。","R角合理、表面平滑，清洁快捷。"
"达威尔地漏（floor drain）—— 不锈钢 / 铜防臭地漏，多种侧排与下排款式，排水量大，适用于浴室、阳台、厨房。","达威尔地漏 —— 不锈钢 / 铜防臭地漏，多种侧排与下排款式，排水量大，适用于浴室、阳台、厨房。"
"手工槽 美州款系列","手工槽 美洲款系列"
"下排水地漏E系列","下排水地漏 E 系列"
"正方形地漏L05系列","正方形地漏 L05 系列"
"拉伸水槽（drawn）","拉伸水槽"
"Guangdong Dongyuan Kitchenware Industrial Co., Ltd.（东原厨具）创立于 1993 年，厂区约 25,000 ㎡，坐落于佛山市顺德区 —— 珠江三角洲的核心工业带。东原专业生产不锈钢厨房水槽、橱柜及卫浴设备；全部产品采用进口高端不锈钢板，防腐蚀。","广东东原厨具实业有限公司（东原厨具）创立于 1993 年，厂区约 25,000 ㎡，坐落于佛山市顺德区 —— 珠江三角洲的核心工业带。东原专业生产不锈钢厨房水槽、橱柜及卫浴设备；全部产品采用进口高端不锈钢板，防腐蚀。"
"Dongyuan 东原 (Guangdong Dongyuan Kitchenware)","东原（广东东原厨具）"
"Guangdong Dongyuan Kitchenware（东原厨具）— 创立于 1993 年，佛山顺德","广东东原厨具（东原厨具）— 创立于 1993 年，佛山顺德"
"专业生产不锈钢水槽：台下式（undermount）、台上式（topmount）、手工款（handmade）","专业生产不锈钢水槽：台下式、台上式、手工款"
"按石材台面选择安装方式：台下式（undermount）、台上式（topmount）或平嵌式（flushmount）","按石材台面选择安装方式：台下式、台上式或平嵌式"
"种类齐全：台下式（undermount）、台上式（topmount）、手工款（handmade），单盆与双盆均有。","种类齐全：台下式、台上式、手工款，单盆与双盆均有。"
"台上式水槽（topmount）","台上式水槽"
"东原台上式（top mount）厨房水槽，采用坚固防锈的 SUS 304 不锈钢制造。明装于台面之上的安装方式，施工简便，适配多种家庭厨房空间。","东原台上式厨房水槽，采用坚固防锈的 SUS 304 不锈钢制造。明装于台面之上的安装方式，施工简便，适配多种家庭厨房空间。"
"台下式（undermount）单盆厨房水槽，采用坚固防锈的 SUS 304 不锈钢制造。单盆设计宽敞，安装于石材台面下方使台面平整无缝，易于清洁。","台下式单盆厨房水槽，采用坚固防锈的 SUS 304 不锈钢制造。单盆设计宽敞，安装于石材台面下方使台面平整无缝，易于清洁。"
"单盆，台下式安装（undermount）","单盆，台下式安装"
"东原 SUS 304 不锈钢台下式（undermount）厨房水槽，型号 801R，台面下方安装方式使台面平整、易于清洁。304 不锈钢材质耐用防锈，适合现代家庭厨房。","东原 SUS 304 不锈钢台下式厨房水槽，型号 801R，台面下方安装方式使台面平整、易于清洁。304 不锈钢材质耐用防锈，适合现代家庭厨房。"
"单盆水槽（single bowl）","单盆水槽"
"东原 SUS 304 不锈钢单盆（single bowl）厨房水槽，型号 HAD。单盆设计宽敞，耐用防锈，适合家庭与商用厨房区域。","东原 SUS 304 不锈钢单盆厨房水槽，型号 HAD。单盆设计宽敞，耐用防锈，适合家庭与商用厨房区域。"
"商用水槽（commercial）","商用水槽"
"环保材料（低 VOC 树脂）","环保材料（低VOC树脂）"
"德盛石材 —— 面向越南室内装饰市场的人造石（engineered stone）供应与加工商","德盛石材——面向越南室内装饰市场的人造石（engineered stone）供应与加工商"
"人造石由约 90% 石英粉 / 石粉 + 树脂经真空振压成型","人造石由约90%石英粉/石粉+树脂经真空振压成型"
"大规格板材 3200×1600mm、3000×1400/1600mm；厚度 18–30mm；可按需切割尺寸","大规格板材3200×1600mm、3000×1400/1600mm；厚度18–30mm；可按需切割尺寸"
"供应能力雄厚（每年数百万㎡），原料供应稳定","供应能力雄厚（每年数百万平方米），原料供应稳定"
"铁架（A 字架）+ 护角 + 缠绕膜；出口采用木箱","铁架（A字架）+护角+缠绕膜；出口采用木箱"
"18 – 30mm（视系列而定）","18–30mm（视系列而定）"
"按集装箱计；支持多色 / 多规格混装","按集装箱计；支持多色/多规格混装"
"竖立于 A 字架上，避免碰撞板材边缘","竖立于A字架上，避免碰撞板材边缘"
"CNC 切割 + 边缘打磨；接缝处使用人造石专用胶","CNC切割+边缘打磨；接缝处使用人造石专用胶"
"用软布加温水 / 中性清洁剂擦拭。避免强力清洁剂及高浓度酸 / 碱。","用软布加温水/中性清洁剂擦拭。避免强力清洁剂及高浓度酸/碱。"
"切割及放置热锅时使用砧板 / 隔热垫。石英石耐热性佳，但应避免骤冷骤热。","切割及放置热锅时使用砧板/隔热垫。石英石耐热性佳，但应避免骤冷骤热。"
"按集装箱 / 数量计；交期随订单协商（参考约 15 天）。","按集装箱/数量计；交期随订单协商（参考约15天）。"
"提供。可提供小块样板，供大批量下单前确认颜色 / 纹理。","提供。可提供小块样板，供大批量下单前确认颜色/纹理。"
"德盛人造石英石（engineered quartz）—— 由约 90% 石英粉 + 树脂压制而成，硬度高、耐刮擦、防渗透、耐酸性能优异。适用于厨房台面、台盆面、地面及墙面铺贴。","德盛人造石英石（engineered quartz）——由约90%石英粉+树脂压制而成，硬度高、耐刮擦、防渗透、耐酸性能优异。适用于厨房台面、台盆面、地面及墙面铺贴。"
"石英粉约 90% + 树脂","石英粉约90%+树脂"
"抛光 / 哑光（honed）","抛光/哑光（honed）"
"表面无孔，不渗水 / 渗油，易于清洁。","表面无孔，不渗水/渗油，易于清洁。"
"白 / 灰 / 黑 / 米等多种色调及 Calacatta 金纹系列。","白/灰/黑/米等多种色调及Calacatta金纹系列。"
"德盛人造大理石（engineered/artificial marble）—— 高度还原天然大理石纹理之美，且均匀度高、易于加工、价格合理，适用于墙面、地面及室内装饰。","德盛人造大理石（engineered/artificial marble）——高度还原天然大理石纹理之美，且均匀度高、易于加工、价格合理，适用于墙面、地面及室内装饰。"
"天然石材 + 大理石粉 + 树脂","天然石材+大理石粉+树脂"
"抛光 / 哑光 / 喷砂","抛光/哑光/喷砂"
"切割 / 拼接灵活，损耗低于天然石块。","切割/拼接灵活，损耗低于天然石块。"
"德盛人造玉石（onyx）—— 具备透光（translucent）效果与独特的玉石纹理，适用于装饰点缀、透光隔断、吧台等项目。","德盛人造玉石（onyx）——具备透光（translucent）效果与独特的玉石纹理，适用于装饰点缀、透光隔断、吧台等项目。"
"矿物粉 + 树脂（玉石效果）","矿物粉+树脂（玉石效果）"
"背光（backlit）照射时尤为出彩，营造高雅点缀。","背光（backlit）照射时尤为出彩，营造高雅点缀"
"玉石纹理梦幻，每块板材各具特色。","玉石纹理梦幻，每块板材各具特色"
"不易开裂，比天然石块更易施工。","不易开裂，比天然石块更易施工"
"Golden Calacatta 人造石英石表面。高度耐酸 / 耐污 / 耐热 / 耐刮擦，环保，易于维护清洁，经久耐用，可按需定制。","Golden Calacatta 人造石英石表面。高度耐酸/耐污/耐热/耐刮擦，环保，易于维护清洁，经久耐用，可按需定制"
"3200*1600MM / 3000*1400MM / 3000*1600MM / 3000*1200MM 及可按需定制尺寸","3200×1600mm / 3000×1400mm / 3000×1600mm / 3000×1200mm 及可按需定制尺寸"
"高度耐酸 / 耐污 / 耐热 / 耐刮擦，环保，易于维护清洁，经久耐用，可按需定制。","高度耐酸/耐污/耐热/耐刮擦，环保，易于维护清洁，经久耐用，可按需定制"
"米色含碎石颗粒的人造石英石（人造大理石）板材。高度耐酸、耐污、耐热、耐刮擦；环保，易于维护清洁，经久耐用，并可按需定制。","米色含碎石颗粒的人造石英石（人造大理石）板材。高度耐酸、耐污、耐热、耐刮擦；环保，易于维护清洁，经久耐用，并可按需定制"
"人造石英石表面（90% 石英粉、树脂）。高度耐酸、耐污、耐热、耐刮擦，环保，易于维护清洁，经久耐用，并可按需定制尺寸。","人造石英石表面（90%石英粉、树脂）。高度耐酸、耐污、耐热、耐刮擦，环保，易于维护清洁，经久耐用，并可按需定制尺寸"
"高度耐酸、耐污、耐热、耐刮擦。环保，易于维护清洁，经久耐用。可按需定制尺寸。","高度耐酸、耐污、耐热、耐刮擦。环保，易于维护清洁，经久耐用。可按需定制尺寸"
"高度耐酸 / 耐污 / 耐热 / 耐刮擦，环保，易于维护清洁，经久耐用，可按需定制。石英石表面由 90% 石英粉与树脂制成，适用于室内装饰。","高度耐酸/耐污/耐热/耐刮擦，环保，易于维护清洁，经久耐用，可按需定制。石英石表面由90%石英粉与树脂制成，适用于室内装饰"
"人造石英石板材（型号 PXQZ 240903-6），由 90% 石英粉与树脂制成，产自越南乂安。提供白、灰、黑、米等多种颜色及大规格尺寸，适用于台面等室内应用。","人造石英石板材（型号 PXQZ 240903-6），由90%石英粉与树脂制成，产自越南乂安。提供白、灰、黑、米等多种颜色及大规格尺寸，适用于台面等室内应用"
"高度耐酸 / 耐污 / 耐热 / 耐刮擦，环保，易于维护清洁，耐用，可按需定制","高度耐酸/耐污/耐热/耐刮擦，环保，易于维护清洁，耐用，可按需定制"
"高度耐酸、耐污、耐热、耐刮擦。环保，易于维护清洁，经久耐用。可按需定制。","高度耐酸、耐污、耐热、耐刮擦。环保，易于维护清洁，经久耐用。可按需定制"
"PXQZ114 White Calacatta 人造石英石板材，由 90% 石英粉与树脂制成。卓越的耐酸、耐污、耐热、耐刮擦性能，环保且易于维护，适用于厨房台面等场景。","PXQZ114 White Calacatta 人造石英石板材，由90%石英粉与树脂制成。卓越的耐酸、耐污、耐热、耐刮擦性能，环保且易于维护，适用于厨房台面等场景"
"高度耐酸 / 耐污 / 耐热 / 耐刮擦，环保，易于维护清洁，耐用","高度耐酸/耐污/耐热/耐刮擦，环保，易于维护清洁，耐用"
"White Calacatta 人造石英石板材，呈卡拉卡塔风格纹理（可选灰、黑点缀）。卓越的耐酸、耐污、耐热、耐刮擦性能；环保，易于维护清洁。","White Calacatta 人造石英石板材，呈卡拉卡塔风格纹理（可选灰、黑点缀）。卓越的耐酸、耐污、耐热、耐刮擦性能；环保，易于维护清洁"
"人造石英石（石英粉约 90%、树脂）","人造石英石（石英粉约90%、树脂）"
"2,500,000 ㎡/年","2,500,000㎡/年"
"人造石英石表面（PXQZ190602-1），由 90% 石英粉与树脂制成。高度耐酸、耐污、耐热、耐刮擦；环保，易于维护清洁，经久耐用。适用于台面等场景。","人造石英石表面（PXQZ190602-1），由90%石英粉与树脂制成。高度耐酸、耐污、耐热、耐刮擦；环保，易于维护清洁，经久耐用。适用于台面等场景"
"高度耐酸 / 耐污 / 耐热 / 耐刮擦，环保，易于维护清洁，耐用，可定制","高度耐酸/耐污/耐热/耐刮擦，环保，易于维护清洁，耐用，可定制"
"人造石英石 PXQZ220507-2 —— 高端人造石板材，适用于室内装饰。","人造石英石 PXQZ220507-2 —— 高端人造石板材，适用于室内装饰"
"丝纹图案人造石英石板材，高度耐酸、耐污、耐热、耐刮擦。环保，易于维护清洁，经久耐用，并可按需定制尺寸。","丝纹图案人造石英石板材，高度耐酸、耐污、耐热、耐刮擦。环保，易于维护清洁，经久耐用，并可按需定制尺寸"
"约 15 天（可协商）","约15天（可协商）"
"Dulux Professional 多乐士专业 —— 阿克苏诺贝尔（荷兰涂料集团）旗下的专业 / 工程涂料系列","Dulux Professional 多乐士专业 —— 阿克苏诺贝尔（荷兰涂料集团）旗下的专业/工程涂料系列"
"外墙 / 真石漆系统：按底涂—面涂—罩面流程施工","外墙/真石漆系统：按底涂—面涂—罩面流程施工"
"密封存放于阴凉干燥处，避免日晒 / 冰冻；在保质期内使用。","密封存放于阴凉干燥处，避免日晒/冰冻；在保质期内使用。"
"遵守温湿度条件；雨天 / 高湿环境下勿施工。","遵守温湿度条件；雨天/高湿环境下勿施工。"
"有。多款产品获绿色标志 / 低 VOC；按产品提供技术资料。","有。多款产品获绿色标志/低 VOC；按产品提供技术资料。"
"可以。请告知项目类型（内 / 外墙、真石漆、防水……），即可获得合适系列的建议。","可以。请告知项目类型（内/外墙、真石漆、防水……），即可获得合适系列的建议。"
"多乐士专业内墙漆 —— 净味水性涂料，多款抗菌 / 防霉 / 防潮系列，遮盖力高、色彩持久、易擦洗。","多乐士专业内墙漆 —— 净味水性涂料，多款抗菌/防霉/防潮系列，遮盖力高、色彩持久、易擦洗。"
"净味、抗菌 / 防霉（视系列）、遮盖力高","净味、抗菌/防霉（视系列）、遮盖力高"
"多乐士专业底漆 —— 抗碱、增强附着力、抗反渗，为面漆打造耐久基底；备有真石漆 / 矿物专用底漆系列。","多乐士专业底漆 —— 抗碱、增强附着力、抗反渗，为面漆打造耐久基底；备有真石漆/矿物专用底漆系列。"
"内 / 外墙底漆","内/外墙底漆"
"多乐士专业艺术质感漆（质感 / 岩彩 / 浮雕）—— 装饰性表面效果（质感、浮雕纹理、堆塑）打造令人印象深刻的空间。","多乐士专业艺术质感漆（质感/岩彩/浮雕）—— 装饰性表面效果（质感、浮雕纹理、堆塑）打造令人印象深刻的空间。"
"艺术质感 / 堆塑涂料","艺术质感/堆塑涂料"
"多乐士专业无机矿物漆（无机矿物）—— 无机矿物基环保配方，透气、色彩持久、抗碱性佳，适用于内 / 外墙。","多乐士专业无机矿物漆（无机矿物）—— 无机矿物基环保配方，透气、色彩持久、抗碱性佳，适用于内/外墙。"
"内 / 外墙、可持续工程","内/外墙、可持续工程"
"多乐士专业防水 —— 用于墙面、屋面、潮湿区的防水涂料 / 解决方案；保护工程免受渗漏侵害。","多乐士专业防水 —— 用于墙面、屋面、潮湿区的防水涂料/解决方案；保护工程免受渗漏侵害。"
"防水涂料 / 解决方案","防水涂料/解决方案"
"湿膜 80 微米；干膜 32 微米","湿膜80微米；干膜32微米"
"理论上本产品每升每道可涂 12-14 ㎡。实际涂布面积因施工方法与基层粗糙度不同而异。","理论上本产品每升每道可涂12-14㎡。实际涂布面积因施工方法与基层粗糙度不同而异。"
"K7506 —— ICI PRO 尊享高级内墙漆","K7506——ICI PRO尊享高级内墙漆"
"多乐士专业尊享高级内墙漆 7506 是专为工程市场研发的环保水性内墙涂料。产品遮盖力佳、施工简便，是一款乳胶漆","多乐士专业尊享高级内墙漆7506是专为工程市场研发的环保水性内墙涂料。产品遮盖力佳、施工简便，是一款乳胶漆。"
"20 升/桶","20升/桶"
"36 个月","36个月"
"白色 + 调色","白色+调色"
"本产品每升每道可涂 12 ㎡","本产品每升每道可涂12㎡"
"0.5-1 小时","0.5-1小时"
"多乐士专业尊享优质内墙漆（K7508）是经改良的专业工程系列内墙乳胶漆，具有良好的防霉、遮盖、抗粉化性能及卓越的施工性能","多乐士专业尊享优质内墙漆（K7508）是经改良的专业工程系列内墙乳胶漆，具有良好的防霉、遮盖、抗粉化性能及卓越的施工性能。"
"用于常规使用环境下室内基层墙面的装饰与保护，可用于抹灰面、石膏板面","用于常规使用环境下室内基层墙面的装饰与保护，可用于抹灰面、石膏板面。"
"本产品每升每道可涂 11-13 ㎡","本产品每升每道可涂11-13㎡"
"25 微米（单层）","25微米（单层）"
"P7532 —— 多乐士专业优逸净味抗菌三合一内墙漆","P7532——多乐士专业优逸净味抗菌三合一内墙漆"
"多乐士专业优逸净味抗菌三合一内墙漆具有卓越且持久的抗菌性能，同时净味环保。适用于室内装饰与保护","多乐士专业优逸净味抗菌三合一内墙漆具有卓越且持久的抗菌性能，同时净味环保。适用于室内装饰与保护。"
"最多可加 20% 清水，不得超过 20%","最多可加20%清水，不得超过20%"
"保质期 36 个月","保质期36个月"
"P7536 —— 多乐士专业优逸高遮盖防霉内墙漆","P7536——多乐士专业优逸高遮盖防霉内墙漆"
"多乐士专业优逸高遮盖防霉内墙漆具有卓越的防霉功能，能有效预防并抑制潮湿环境中霉菌的滋生，保持涂膜美观","多乐士专业优逸高遮盖防霉内墙漆具有卓越的防霉功能，能有效预防并抑制潮湿环境中霉菌的滋生，保持涂膜美观。"
"CP4 或按需调色","CP4或按需调色"
"本产品每升每道可涂 10-12 ㎡","本产品每升每道可涂10-12㎡"
"适用于水泥混凝土、砖石结构墙面及石膏板面的装饰与翻新，尤其适用于 EIFS 外墙保温系统。","适用于水泥混凝土、砖石结构墙面及石膏板面的装饰与翻新，尤其适用于 EIFS 外墙保温系统"
"理论上本产品每升每道可涂 10-12 ㎡。实际涂布面积因施工方法与基层粗糙度不同而异。","理论上本产品每升每道可涂 10-12 ㎡。实际涂布面积因施工方法与基层粗糙度不同而异"
"多乐士专业新享外墙漆是一款经典的专用外墙涂料，不仅施工性能友好，且遮盖力卓越、耐候性佳。","多乐士专业新享外墙漆是一款经典的专用外墙涂料，不仅施工性能友好，且遮盖力卓越、耐候性佳"
"多乐士专业柔性外墙找平腻子是用于外墙的 R 型单组分外墙腻子，耐水性、粘结性与柔韧性卓越，有效减少细微裂纹","多乐士专业柔性外墙找平腻子是用于外墙的R型单组分外墙腻子，耐水性、粘结性与柔韧性卓越，有效减少细微裂纹"
"适用于外墙混凝土、水泥砂浆墙面等基层。","适用于外墙混凝土、水泥砂浆墙面等基层"
"每平方米用量约 1.3Kg，批刮厚度约 1mm，实际用量因基层平整度不同而异","每平方米用量约1.3 kg，批刮厚度约1 mm，实际用量因基层平整度不同而异"
"可用钢抹刀及刮板施工；重涂时间为 4-6 小时，视天气条件而定","可用钢抹刀及刮板施工；重涂时间为4-6小时，视天气条件而定"
"标准厚度施工一层，在 25°C、相对湿度 50% 条件下约 4-6 小时，实际干燥时间随温湿度变化","标准厚度施工一层，在25°C、相对湿度50%条件下约4-6小时，实际干燥时间随温湿度变化"
"R 型单组分外墙腻子，施工便捷","R型单组分外墙腻子，施工便捷"
"多乐士专业逸居外墙漆是一款通用型外墙乳胶漆，耐候性与耐沾污性佳，为工程外墙提供基础的保护与装饰功能。","多乐士专业逸居外墙漆是一款通用型外墙乳胶漆，耐候性与耐沾污性佳，为工程外墙提供基础的保护与装饰功能"
"本产品每升每道可涂 10-12 ㎡；实际涂布面积因施工方法与基层粗糙度不同而异","本产品每升每道可涂10-12 m²；实际涂布面积因施工方法与基层粗糙度不同而异"
"耐沾污性佳 - 保持建筑表面洁净","耐沾污性佳——保持建筑表面洁净"
"耐候性佳 - 为工程提供持久的保护与装饰","耐候性佳——为工程提供持久的保护与装饰"
"安全环保 - 涂料不含铅、汞等对人体有害的物质，涂膜安全环保","安全环保——涂料不含铅、汞等对人体有害的物质，涂膜安全环保"
"本产品每升每道可涂 10-12 ㎡。实际涂布面积因施工方法与基层粗糙度不同而异","本产品每升每道可涂10-12 m²。实际涂布面积因施工方法与基层粗糙度不同而异"
"本产品每升每道可涂 11-12 ㎡（实际面积因施工方法与基层粗糙度不同而异）","本产品每升每道可涂11-12 m²（实际面积因施工方法与基层粗糙度不同而异）"
"湿膜 83 微米（单层），干膜 30 微米（单层）","湿膜83微米（单层），干膜30微米（单层）"
"平均 4.0-5.5 kg/㎡，实际用量取决于基层平整度、颜色、施工方法及饰面效果要求","平均4.0-5.5 kg/m²，实际用量取决于基层平整度、颜色、施工方法及饰面效果要求"
"表干：4 小时；重涂：48 小时","表干：4小时；重涂：48小时"
"多乐士专业无机矿物净味内墙涂料以无机硅酸盐树脂为成膜物质，具有不燃性卓越、易施工等特性。适用于各类工程的室内墙面","多乐士专业无机矿物净味内墙涂料以无机硅酸盐树脂为成膜物质，具有不燃性卓越、易施工等特性，适用于各类工程的室内墙面"
"适用于住宅、酒店、办公楼、学校、医院等各类工程的室内墙面。","适用于住宅、酒店、办公楼、学校、医院等各类工程的室内墙面"
"适用于室内基层墙面，如已完成抹灰和批腻子的墙面、轻质隔墙基层面等。","适用于室内基层墙面，如已完成抹灰和批腻子的墙面、轻质隔墙基层面等"
"快干：表干 0.5-1 小时，重涂间隔 2-3 小时","快干：表干0.5-1小时，重涂间隔2-3小时"
"本产品每升每道可涂 9-12 ㎡（实际涂布面积因施工方法与基层粗糙度不同而异）","本产品每升每道可涂9-12㎡（实际涂布面积因施工方法与基层粗糙度不同而异）"
"约 38%（标称）","约38%（标称）"
"湿膜约 80 微米（单层）；干膜约 29 微米（单层）","湿膜约80微米（单层）；干膜约29微米（单层）"
"湿膜 80 微米，干膜 24 微米","湿膜80微米，干膜24微米"
"本产品每升每道可涂 9-12 ㎡","本产品每升每道可涂9-12㎡"
"2-3 小时","2-3小时"
"多乐士专业尊享隔缝漆 6348 是一款用于分缝的隔缝漆，专为与多乐士专业质感艺术涂料配套设计。通过在预留分缝线上勾画，整体","多乐士专业尊享隔缝漆6348是一款用于分缝的隔缝漆，专为与多乐士专业质感艺术涂料配套设计。通过在预留分缝线上勾画，整体"
"每平方米用量为 0.2-0.25kg/道","每平方米用量为0.2-0.25kg/道"
"1 小时","1小时"
"多乐士专业尊享罩面清漆 6358 是阿克苏诺贝尔公司基于多年专业外墙涂料经验推出的高档水性罩面清漆，专为配套使用而设计","多乐士专业尊享罩面清漆6358是阿克苏诺贝尔公司基于多年专业外墙涂料经验推出的高档水性罩面清漆，专为配套使用而设计"
"每平方米用量为 0.12-0.15kg/道","每平方米用量为0.12-0.15kg/道"
"表干（手触）1 小时；重涂 4 小时","表干（手触）1小时；重涂4小时"
"清漆（两种光泽：有光与哑光（matt））","清漆（两种光泽：有光与哑光）"
"刷涂、滚涂、普通喷涂或无气喷涂（无气喷涂最低压力 140kg/cm²，喷嘴 0.58mm，角度 65 度）","刷涂、滚涂、普通喷涂或无气喷涂（无气喷涂最低压力 140 kg/cm²，喷嘴 0.58 mm，角度 65 度）"
"保护真石漆 / 质感漆涂层","保护真石漆/质感漆涂层"
"适用于经适当处理的新旧外墙面，包括砖石结构及混凝土墙面；也适合作为 EIFS 外墙保温系统的配套涂料。","适用于经适当处理的新旧外墙面，包括砖石结构及混凝土墙面；也适合作为 EIFS 外墙保温系统的配套涂料"
"每升 2.0 ㎡（按平均干膜 250 微米计）。实际涂布率取决于施工及对花纹与保护性能的要求。","每升 2.0 ㎡（按平均干膜 250 微米计）。实际涂布率取决于施工及对花纹与保护性能的要求"
"多乐士专业尊享弹性中层漆8553","多乐士专业尊享弹性中层漆 8553"
"FSL（佛山照明 — Foshan Electrical and Lighting Co., Ltd.）于 1958 年创立于广东佛山，是中国规模最大、历史最悠久的照明制造商之一，已在证券交易所上市。FSL 拥有 5 个生产基地、200 多条生产线及逾 10,000 名员工，提供完整的产品线：民用、商业、户外、工业照明，车灯、专用灯具及智能照明。","FSL（佛山照明）于 1958 年创立于广东佛山，是中国规模最大、历史最悠久的照明制造商之一，已在证券交易所上市。FSL 拥有 5 个生产基地、200 多条生产线及逾 10,000 名员工，提供完整的产品线：民用、商业、户外、工业照明，车灯、专用灯具及智能照明"
"国内外知名品牌，服务约 80 个国家的 200 多家客户。产品涵盖 LED 灯泡、灯管/支架灯、筒灯、面板灯，以及投光灯、路灯和智能照明解决方案。","国内外知名品牌，服务约 80 个国家的 200 多家客户。产品涵盖 LED 灯泡、灯管/支架灯、筒灯、面板灯，以及投光灯、路灯和智能照明解决方案"
"FSL 佛山照明 (Foshan Lighting)","FSL 佛山照明"
"Foshan Electrical and Lighting Co., Ltd. (FSL) — 已上市，创立于 1958 年","佛山电器照明股份有限公司（FSL）—— 已上市，创立于 1958 年"
"出口 80 多个国家 — 大规模品质管控","出口 80 多个国家 —— 大规模品质管控"
"寿命长、维护少；定期擦拭表面灰尘，室内款应避免受潮。","寿命长、维护少；定期擦拭表面灰尘，室内款应避免受潮"
"IP65-66 等级耐受风吹日晒；仍应定期检查密封圈与接头。","IP65-66 等级耐受风吹日晒；仍应定期检查密封圈与接头"
"按功率选用正确的驱动电源；投光灯/路灯须保证散热。","按功率选用正确的驱动电源；投光灯/路灯须保证散热"
"上市企业 — 大规模品质管理体系","上市企业 —— 大规模品质管理体系"
"灯泡、灯管、筒灯、面板灯、投光灯、路灯、智能、车灯","灯泡、灯管、筒灯、面板灯、投光灯、路灯、智能灯具、车灯"
"FSL 家用电源插座，配 4 组多功能插孔（兼容扁脚与圆脚插头），白色耐用塑料外壳并设有固定螺孔。该产品为 FSL 佛山照明（Foshan Lighting）旗下电气设备，适合为家庭与办公场所多种电器供电。","FSL 家用电源插座，配4组多功能插孔（兼容扁脚与圆脚插头），白色耐用塑料外壳并设有固定螺孔。该产品为FSL佛山照明（Foshan Lighting）旗下电气设备，适合为家庭与办公场所多种电器供电。"
"多功能电源插座（4 组插孔）","多功能电源插座（4组插孔）"
"白色，平滑塑料面板","白色平滑塑料面板"
"FSL 霓虹柔性 LED 灯带（LED Neon Strip）RGB 变色，配遥控器","FSL 霓虹柔性LED灯带（LED Neon Strip）RGB变色，配遥控器"
"LED 灯带","LED灯带"
"FSL（佛山照明 Foshan Lighting）霓虹柔性 LED 灯带，外覆柔软硅胶套，可弯折成多种造型并用于轮廓装饰。产品配套遥控器，设有 RGB 选色按键，可灵活调节色彩与灯光效果。","FSL（佛山照明 Foshan Lighting）霓虹柔性LED灯带，外覆柔软硅胶套，可弯折成多种造型并用于轮廓装饰。产品配套遥控器，设有RGB选色按键，可灵活调节色彩与灯光效果。"
"霓虹柔性 LED 灯带（LED neon strip），柔性硅胶套","霓虹柔性LED灯带（LED neon strip），柔性硅胶套"
"通过遥控器实现 RGB 变色","通过遥控器实现RGB变色"
"FSL RGB LED 灯带（LED SMD2835+5050 Strip）","FSL RGB LED灯带（LED SMD2835+5050 Strip）"
"FSL（Foshan Lighting）柔性 RGB 变色 LED 灯带，采用 SMD2835 与 SMD5050 芯片，背面带 3M 胶可便捷粘贴于多种表面。灯带配套遥控器，可调节色彩与灯光效果。","FSL（Foshan Lighting）柔性RGB变色LED灯带，采用SMD2835与SMD5050芯片，背面带3M胶可便捷粘贴于多种表面。灯带配套遥控器，可调节色彩与灯光效果。"
"柔性 LED 灯带（LED strip），RGB 变色","柔性LED灯带（LED strip），RGB变色"
"SMD2835+5050 芯片，背面 3M 胶，配遥控器","SMD2835+5050芯片，背面3M胶，配遥控器"
"FSL（佛山照明 Foshan Lighting）红外取暖灯泡，配镀镜反光灯罩，顶部覆红色玻璃，采用标准 E27 螺口。产品散发红外热量，用于取暖与保温。","FSL（佛山照明 Foshan Lighting）红外取暖灯泡，配镀镜反光灯罩，顶部覆红色玻璃，采用标准E27螺口。产品散发红外热量，用于取暖与保温。"
"E27 螺口，镀镜灯罩覆红色玻璃","E27螺口，镀镜灯罩覆红色玻璃"
"FSL QND-125-2 专用取暖灯罩，配铜色金属锥形反光罩、耐热陶瓷灯座及下方保护网。采用电线吊挂式设计，搭配取暖灯泡使用，为畜禽及宠物保暖。","FSL QND-125-2专用取暖灯罩，配铜色金属锥形反光罩、耐热陶瓷灯座及下方保护网。采用电线吊挂式设计，搭配取暖灯泡使用，为畜禽及宠物保暖。"
"FSL 工矿厂房 LED 工矿灯（highbay）QND2-118","FSL 工矿厂房LED工矿灯（highbay）QND2-118"
"FSL QND2-118 工业 LED 灯具，配坚固的白色压铸外壳，金属保护网罩住反光罩，顶部设两个吊环并自带电源线，专为吊顶照明厂房而设计。该产品出自中国大型照明厂商 FSL 佛山照明（Foshan Lighting）。","FSL QND2-118工业LED灯具，配坚固的白色压铸外壳，金属保护网罩住反光罩，顶部设两个吊环并自带电源线，专为吊顶照明厂房而设计。该产品出自中国大型照明厂商FSL佛山照明（Foshan Lighting）。"
"吊顶式工业 LED 工矿灯（highbay），带保护网","吊顶式工业LED工矿灯（highbay），带保护网"
"FSL 佛山照明红外取暖灯罩，银色金属锥形灯体，顶部带吊钩，下方设灯泡保护网罩。散热开槽设计使灯罩可安装红外取暖灯泡，用于养殖保温与取暖。","FSL佛山照明红外取暖灯罩，银色金属锥形灯体，顶部带吊钩，下方设灯泡保护网罩。散热开槽设计使灯罩可安装红外取暖灯泡，用于养殖保温与取暖。"
"FSL（佛山照明 Foshan Lighting）插地式 LED 庭院灯，黑色高立柱灯体，顶部配透明散光灯罩，底部尖头可直接插入地面。专为步道、花坛及庭院景观照明而设计。","FSL（佛山照明 Foshan Lighting）插地式LED庭院灯，黑色高立柱灯体，顶部配透明散光灯罩，底部尖头可直接插入地面。专为步道、花坛及庭院景观照明而设计。"
"FSL 插地式 RGB 庭院 LED 投光灯（Flood Light）","FSL 插地式RGB庭院LED投光灯（Flood Light）"
"FSL（佛山照明）户外 LED 投光灯，采用插地式庭院设计，方形灯头发出多彩 RGB 光，铝制散热灯体。外壳黑色处理并配便捷插地杆，可照亮并装饰花木、步道及户外小景。","FSL（佛山照明）户外LED投光灯，采用插地式庭院设计，方形灯头发出多彩RGB光，铝制散热灯体。外壳黑色处理并配便捷插地杆，可照亮并装饰花木、步道及户外小景。"
"插地式庭院 LED 投光灯（garden spike flood light）","插地式庭院LED投光灯（garden spike flood light）"
"黑色外壳，RGB 变色光","黑色外壳，RGB变色光"
"FSL LED 投光灯 FSF802A2（30W，IP65）","FSL LED投光灯FSF802A2（30W，IP65）"
"FSL（佛山照明 Foshan Lighting）户外 LED 投光灯，黑色压铸外壳，散光玻璃面罩保护 SMD LED 灯组。灯面清晰印有 30W 功率与 IP65 防水等级，适合户外安装。","FSL（佛山照明 Foshan Lighting）户外LED投光灯，黑色压铸外壳，散光玻璃面罩保护SMD LED灯组。灯面清晰印有30W功率与IP65防水等级，适合户外安装。"
"户外 LED 投光灯（flood light）","户外LED投光灯（flood light）"
"FSL LED 投光灯 FSF803A2","FSL LED投光灯FSF803A2"
"FSL FSF803A2 LED 投光灯，灰色压铸合金灯体，造型纤薄，反光面板配 SMD LED 灯组，出光集中。集成可折叠支架（bracket），便于安装与调节照射角度，品牌为 FSL 佛山照明（Foshan Lighting）。","FSL FSF803A2 LED投光灯，灰色压铸合金灯体，造型纤薄，反光面板配SMD LED灯组，出光集中。集成可折叠支架（bracket），便于安装与调节照射角度，品牌为FSL佛山照明（Foshan Lighting）。"
"LED 投光灯（LED floodlight）","LED投光灯（LED floodlight）"
"FSL LED 投光灯 FSF808A2（30W，IP65）","FSL LED投光灯FSF808A2（30W，IP65）"
"FSL（Foshan Lighting）FSF808A2 户外 LED 投光灯，黑色压铸合金灯体，钢化玻璃面罩，配两排 LED 芯片。灯体清晰印有 30W 功率与 IP65 防水等级，适合户外照明，耐受风吹日晒。","FSL（Foshan Lighting）FSF808A2户外LED投光灯，黑色压铸合金灯体，钢化玻璃面罩，配两排LED芯片。灯体清晰印有30W功率与IP65防水等级，适合户外照明，耐受风吹日晒。"
"LED 投光灯（LED Flood Light）","LED投光灯（LED Flood Light）"
"FSL LED 投光灯 FSF809A1","FSL LED投光灯FSF809A1"
"FSL FSF809A1 户外 LED 投光灯，黑色压铸铝合金灯体，保护玻璃面罩裸露 LED 灯组，配 U 型支架可调节照射角度。产品达 IP65 防水等级，适合庭院、外立面及户外区域照明。","FSL FSF809A1户外LED投光灯，黑色压铸铝合金灯体，保护玻璃面罩裸露LED灯组，配U型支架可调节照射角度。产品达IP65防水等级，适合庭院、外立面及户外区域照明。"
"户外安装 LED 投光灯（LED flood light）","户外安装LED投光灯（LED flood light）"
"IP65，黑色压铸铝灯体，U 型支架","IP65，黑色压铸铝灯体，U型支架"
"FSL LED 投光灯 FSF809B1 50W（IP65）","FSL LED投光灯FSF809B1 50W（IP65）"
"FSL FSF809B1 户外 LED 投光灯，灰色纤薄压铸铝灯体，白色散光面罩包覆 SMD LED 灯组，背部配可调节照射角度的支架。灯体预先印有 50W 功率与 IP65 防水等级，适合庭院、外立面及户外区域照明。","FSL FSF809B1户外LED投光灯，灰色纤薄压铸铝灯体，白色散光面罩包覆SMD LED灯组，背部配可调节照射角度的支架。灯体预先印有50W功率与IP65防水等级，适合庭院、外立面及户外区域照明。"
"户外 LED 投光灯（LED floodlight）","户外LED投光灯（LED floodlight）"
"50W，IP65 等级（印于灯体）","50W，IP65等级（印于灯体）"
"FSL LED 路灯 FSS801A2","FSL LED路灯FSS801A2"
"FSL FSS801A2 LED 路灯，灰色压铸铝合金灯体，搭配多透镜阵列式 LED 模组，集成灯杆安装卡座。该产品出自 FSL 佛山照明（Foshan Lighting）品牌，专用于街道及户外区域照明。","FSL FSS801A2 LED路灯，灰色压铸铝合金灯体，搭配多透镜阵列式LED模组，集成灯杆安装卡座。该产品出自FSL佛山照明（Foshan Lighting）品牌，专用于街道及户外区域照明。"
"LED 路灯（LED street light）","LED路灯（LED street light）"
"FSL LED 路灯 FSS816A2","FSL LED路灯FSS816A2"
"FSL FSS816A2 LED 路灯，SMD LED 灯组布置于灰色压铸铝合金灯体上，配可调角度的灯臂/支架以安装于灯杆。该产品为 FSL 佛山照明（Foshan Lighting）品牌的户外照明产品。","FSL FSS816A2 LED路灯，SMD LED灯组布置于灰色压铸铝合金灯体上，配可调角度的灯臂/支架以安装于灯杆。该产品为FSL佛山照明（Foshan Lighting）品牌的户外照明产品。"
"FSL 插地式庭院步道灯（pathway light）Pathway","FSL 插地式庭院步道灯（pathway light）"
"FSL 插地式 RGB 庭院射灯 Spotlight","FSL 插地式 RGB 庭院射灯（spotlight）"
"FSL（佛山照明 Foshan Lighting）方形 LED 面板灯，白色边框配平整散光面，出光柔和均匀。造型轻薄，可嵌入式或贴顶安装，适合室内空间的整体照明。","FSL（佛山照明）方形 LED 面板灯，白色边框配平整散光面，出光柔和均匀。造型轻薄，可嵌入式或贴顶安装，适合室内空间的整体照明。"
"配套遥控器（remote）","配套遥控器"
"FSL（佛山照明 Foshan Lighting）圆形嵌入式 LED 筒灯，白色外壳配深镜面反光罩，聚拢光线并减少眩光。两侧配弹簧卡扣，可快速洁净地完成嵌入式安装。","FSL（佛山照明）圆形嵌入式 LED 筒灯，白色外壳配深镜面反光罩，聚拢光线并减少眩光。两侧配弹簧卡扣，可快速洁净地完成嵌入式安装。"
"FSL（佛山照明 Foshan Lighting）FSB188 一体化 LED 支架灯，采用细长条形设计，白色灯体配全包覆散光罩，端部集成开关。造型简洁、安装便捷，适合多种空间的整体照明。","FSL（佛山照明）FSB188 一体化 LED 支架灯，采用细长条形设计，白色灯体配全包覆散光罩，端部集成开关。造型简洁、安装便捷，适合多种空间的整体照明。"
"FSL FSF571 一体化 LED 支架灯，采用长条一体化设计，白色塑料灯体配透明罩盖完整包覆 LED 灯条，出光均匀、安装利落。该产品属 FSL 佛山照明（Foshan Lighting）品牌，适合室内长条形照明。","FSL FSF571 一体化 LED 支架灯，采用长条一体化设计，白色塑料灯体配透明罩盖完整包覆 LED 灯条，出光均匀、安装利落。该产品属 FSL 佛山照明品牌，适合室内长条形照明。"
"FSL（佛山照明 Foshan Lighting）一体化 LED 支架灯，细长条形，白色一体塑料灯体配全包覆散光面。造型简洁、可串接安装，适合长空间的均匀照明。","FSL（佛山照明）一体化 LED 支架灯，细长条形，白色一体塑料灯体配全包覆散光面。造型简洁、可串接安装，适合长空间的均匀照明。"
"FSL Lingrou 第二代嵌入式 LED 筒灯（downlight），圆形白边设计，黑色深防眩反光罩使光线柔和护眼。产品配弹簧卡扣，可快速完成嵌入式安装，品牌为 FSL 佛山照明（Foshan Lighting）。","FSL Lingrou 第二代嵌入式 LED 筒灯（downlight），圆形白边设计，黑色深防眩反光罩使光线柔和护眼。产品配弹簧卡扣，可快速完成嵌入式安装，品牌为 FSL 佛山照明。"
"FSL（佛山照明 Foshan Lighting）T8 一体化 LED 支架灯，铝/塑喷白灯体，配带条纹的透明散光罩使光线均匀分布。长条造型简洁、明装安装，适合多种空间的长条照明。","FSL（佛山照明）T8 一体化 LED 支架灯，铝/塑喷白灯体，配带条纹的透明散光罩使光线均匀分布。长条造型简洁、明装安装，适合多种空间的长条照明。"
"FSL RGB 变色嵌入式 LED 筒灯（downlight）TDD4-9WRTW-S","FSL RGB 变色嵌入式 LED 筒灯 TDD4-9WRTW-S"
"FSL（佛山照明 Foshan Lighting）圆形纤薄嵌入式 LED 筒灯（downlight），发光面可实现多色阶 RGB 变色。白色圆形灯体配弹簧卡扣，可快速完成嵌入式安装，为空间营造生动的彩色灯光效果。","FSL（佛山照明）圆形纤薄嵌入式 LED 筒灯，发光面可实现多色阶 RGB 变色。白色圆形灯体配弹簧卡扣，可快速完成嵌入式安装，为空间营造生动的彩色灯光效果。"
"圆形嵌入式 LED 筒灯（downlight），RGB 变色","圆形嵌入式 LED 筒灯，RGB 变色"
"FSL Xifan II 嵌入式 LED 筒灯（downlight）","FSL Xifan II 嵌入式 LED 筒灯"
"FSL Xifan II 圆形嵌入式 LED 筒灯，平整散光面出光柔和，白色边框印有 FSL 标识，弹簧卡扣便于嵌入式安装。该产品为 FSL（Foshan Lighting）正品，是中国大型照明品牌。","FSL Xifan II 圆形嵌入式 LED 筒灯，平整散光面出光柔和，白色边框印有 FSL 标识，弹簧卡扣便于嵌入式安装。该产品为 FSL（佛山照明）正品，是中国大型照明品牌。"
"圆形嵌入式 LED 筒灯（downlight）","圆形嵌入式 LED 筒灯"
"FSL Xifan 明装筒灯（surface-mounted downlight）","FSL Xifan 明装筒灯"
"FSL Xifan 系列明装筒灯，黑色磨砂圆柱灯体配白色散光面，直接明装于顶面而无需开孔。该产品为 FSL 佛山照明（Foshan Lighting）品牌，造型简洁现代，适合室内空间。","FSL Xifan 系列明装筒灯，黑色磨砂圆柱灯体配白色散光面，直接明装于顶面而无需开孔。该产品为 FSL 佛山照明品牌，造型简洁现代，适合室内空间。"
"明装筒灯（surface-mounted downlight）","明装筒灯"
"FSL FSS118 半月形 LED 灯，长条一体化造型配白色弧形散光罩，出光均匀柔和。FSL（佛山照明 Foshan Lighting）品牌的纤薄简洁设计，便于吸顶或壁装。","FSL FSS118 半月形 LED 灯，长条一体化造型配白色弧形散光罩，出光均匀柔和。FSL（佛山照明）品牌的纤薄简洁设计，便于吸顶或壁装。"
"半月形 LED 灯（一体化 LED 支架灯，linear batten）","半月形 LED 灯（一体化 LED 支架灯）"
"FSL 佛山照明（Foshan Lighting）方形超薄 LED 面板灯，发光面平整均匀呈白色，边框纤细，配套外置电源（driver）及电源线。设计现代、光线柔和，适合嵌入式或明装于办公及商业空间。","FSL 佛山照明方形超薄 LED 面板灯，发光面平整均匀呈白色，边框纤细，配套外置电源及电源线。设计现代、光线柔和，适合嵌入式或明装于办公及商业空间。"
"FSL Xifan 第五代轨道射灯（track light）","FSL Xifan 第五代轨道射灯"
"LED 轨道射灯（track light）","LED 轨道射灯"
"FSL Xifan 第三代条形 LED 吊灯（linear pendant）","FSL Xifan 第三代条形 LED 吊灯"
"条形 LED 吊灯（linear pendant）","条形 LED 吊灯"
"按计划维保（通常每月）：检查钢丝绳 / 导轨、制动器、门、控制系统并润滑。","按计划维保（通常每月）：检查钢丝绳/导轨、制动器、门、控制系统并润滑。"
"使用适配材质（不锈钢 / 玻璃 / 木材）的清洁剂清洁轿厢表面。","使用适配材质（不锈钢/玻璃/木材）的清洁剂清洁轿厢表面。"
"广日 —— 信誉良好的中国电梯制造商，产品系列齐全。","广日——信誉良好的中国电梯制造商，产品系列齐全。"
"广日家用电梯轿厢款式 —— 高端轿厢内饰设计系列（罗曼、哥特、水木清华等），适用于别墅与联排住宅电梯，提升空间美学。","广日家用电梯轿厢款式——高端轿厢内饰设计系列（罗曼、哥特、水木清华等），适用于别墅与联排住宅电梯，提升空间美学。"
"轿厢设计是家用电梯的点睛之笔 —— 广日提供多种装饰风格。","轿厢设计是家用电梯的点睛之笔——广日提供多种装饰风格。"
"高端不锈钢 / 玻璃 / 木质装饰","高端不锈钢/玻璃/木质装饰"
"广日家用电梯 —— 面向别墅、联排住宅的电梯解决方案：运行平稳、节能省电、占地小，并提供多种轿厢可选。","广日家用电梯——面向别墅、联排住宅的电梯解决方案：运行平稳、节能省电、占地小，并提供多种轿厢可选。"
"广日自动扶梯与自动人行道 —— 适用于购物中心、地铁站、机场及大客流公共建筑。","广日自动扶梯与自动人行道——适用于购物中心、地铁站、机场及大客流公共建筑。"
"自动扶梯 / 自动人行道","自动扶梯/自动人行道"
"广日家用电梯轿厢款式 —— “哥特风尚”内饰设计（型号 CA161L）。为别墅 / 家用电梯打造高端装饰风格。","广日家用电梯轿厢款式——""哥特风尚""内饰设计（型号 CA161L）。为别墅/家用电梯打造高端装饰风格。"
"广日家用电梯轿厢款式 —— “花城花影”内饰设计（型号 CA163L）。为别墅 / 家用电梯打造高端装饰风格。","广日家用电梯轿厢款式 —— “花城花影”内饰设计（型号 CA163L）。为别墅/家用电梯打造高端装饰风格。"
"广日家用电梯轿厢款式 —— “洛神朱赤”内饰设计（型号 CA166L）。为别墅 / 家用电梯打造高端装饰风格。","广日家用电梯轿厢款式 —— “洛神朱赤”内饰设计（型号 CA166L）。为别墅/家用电梯打造高端装饰风格。"
"广日家用电梯轿厢款式 —— “白驹轩庭”内饰设计（型号 CA170L）。为别墅 / 家用电梯打造高端装饰风格。","广日家用电梯轿厢款式 —— “白驹轩庭”内饰设计（型号 CA170L）。为别墅/家用电梯打造高端装饰风格。"
"广日家用电梯轿厢款式 —— “羽衣昱耀”内饰设计（型号 CA172L）。为别墅 / 家用电梯打造高端装饰风格。","广日家用电梯轿厢款式 —— “羽衣昱耀”内饰设计（型号 CA172L）。为别墅/家用电梯打造高端装饰风格。"
"广日家用电梯轿厢款式 —— “流光华表”内饰设计（型号 CA173L）。为别墅 / 家用电梯打造高端装饰风格。","广日家用电梯轿厢款式 —— “流光华表”内饰设计（型号 CA173L）。为别墅/家用电梯打造高端装饰风格。"
"广日家用电梯轿厢款式 —— “瑶林琼树”内饰设计（型号 CA174L）。为别墅 / 家用电梯打造高端装饰风格。","广日家用电梯轿厢款式 —— “瑶林琼树”内饰设计（型号 CA174L）。为别墅/家用电梯打造高端装饰风格。"
"广日家用电梯轿厢款式 —— “水木清华”内饰设计（型号 CA175L）。为别墅 / 家用电梯打造高端装饰风格。","广日家用电梯轿厢款式 —— “水木清华”内饰设计（型号 CA175L）。为别墅/家用电梯打造高端装饰风格。"
"广日家用电梯轿厢款式 —— “罗曼风情”内饰设计（型号 CA176L）。为别墅 / 家用电梯打造高端装饰风格。","广日家用电梯轿厢款式 —— “罗曼风情”内饰设计（型号 CA176L）。为别墅/家用电梯打造高端装饰风格。"
"广日家用电梯轿厢款式 —— “银色轨迹”内饰设计（型号 G036L）。为别墅 / 家用电梯打造高端装饰风格。","广日家用电梯轿厢款式 —— “银色轨迹”内饰设计（型号 G036L）。为别墅/家用电梯打造高端装饰风格。"
"广日家用电梯轿厢款式 —— “琉花秋舞”内饰设计（型号 G037L）。为别墅 / 家用电梯打造高端装饰风格。","广日家用电梯轿厢款式 —— “琉花秋舞”内饰设计（型号 G037L）。为别墅/家用电梯打造高端装饰风格。"
"广日家用电梯轿厢款式 —— “璀璨星空”内饰设计（型号 G038L）。为别墅 / 家用电梯打造高端装饰风格。","广日家用电梯轿厢款式 —— “璀璨星空”内饰设计（型号 G038L）。为别墅/家用电梯打造高端装饰风格。"
"比大理石耐用 10 倍","比大理石耐用10倍"
"破坏强度 ≥ 1,700 N —— 是天然大理石的 5 倍。大理石被玻璃杯砸落会碎，金意陶石釉不碎。","破坏强度≥1,700N——是天然大理石的5倍。大理石被玻璃杯砸落会碎，金意陶石釉不碎。"
"行业最大规格 —— 900×1800","行业最大规格——900×1800"
"2.7 米长的厨房台面仅需 1 片 + 1 道接缝 —— 几乎如真石般无缝。","2.7米长的厨房台面仅需1片+1道接缝——几乎如真石般无缝。"
"上海丽思卡尔顿总统套房 —— 墙面 + 地面铺贴","上海丽思卡尔顿总统套房——墙面+地面铺贴"
"广州周大福金融中心（530m）大堂 —— 12,000 ㎡ 大规格石釉","广州周大福金融中心（530m）大堂——12,000㎡大规格石釉"
"香港 The One 顶层公寓（售价 4.6 亿美元）—— 厨房台面 + 墙面铺贴","香港The One顶层公寓（售价4.6亿美元）——厨房台面+墙面铺贴"
"东山安缦度假村 —— 全部水疗房 + 泳池","东山安缦度假村——全部水疗房+泳池"
"900×1800 大规格能安全运至越南吗？","900×1800大规格能安全运至越南吗？"
"能。金意陶提供按图纸预加工服务 —— 开挖水槽孔、R5/R10/R15 倒圆角、45° 倒角。在佛山工厂加工，成品运至越南。加工附加费 80 元/㎡。","能。金意陶提供按图纸预加工服务——开挖水槽孔、R5/R10/R15倒圆角、45°倒角。在佛山工厂加工，成品运至越南。加工附加费80元/㎡。"
"我想要与卡拉拉原版完全一致的 Calacatta 纹理 —— 可以吗？","我想要与卡拉拉原版完全一致的Calacatta纹理——可以吗？"
"与徐冰、蔡国强等 5 位知名当代艺术家合作发行限量版。荣获 2022 红点设计奖金奖与 2023 iF 设计金奖。","与徐冰、蔡国强等5位知名当代艺术家合作发行限量版。荣获2022红点设计奖金奖与2023 iF设计金奖。"
"Premium vitrified porcelain —— 高端瓷质","Premium vitrified porcelain——高端瓷质"
"≤ 0.3%（超国际标准）","≤0.3%（超国际标准）"
"4K 数码 + 匠人手工施釉","4K数码+匠人手工施釉"
"5-7 层釉，每层单独烧制","5-7层釉，每层单独烧制"
"100% —— 无两片相同","100%——无两片相同"
"循环 10 次不裂","循环10次不裂"
"5 级 —— 最高","5级——最高"
"内部 28 位建筑师 + 视觉艺术家设计团队","内部28位建筑师+视觉艺术家设计团队"
"5-7 层釉逐层单独烧制 —— 单片总生产时间 96 小时","5-7层釉逐层单独烧制——单片总生产时间96小时"
"匠人手工处理凹陷边缘 + 最终白色结晶","匠人手工处理凹陷边缘+最终白色结晶"
"每批仅 500-2000 ㎡ —— 限量以保持孤品性","每批仅500-2000㎡——限量以保持孤品性"
"2022 红点设计奖 —— 金奖（山雾系列）","2022红点设计奖——金奖（山雾系列）"
"2023 iF 设计金奖 —— 星座系列","2023 iF设计金奖——星座系列"
"2022 中国陶瓷设计奖 —— 系列内 5 个 SKU","2022中国陶瓷设计奖——系列内5个SKU"
"无两片相同。孤品率 100% —— 如油画般，没有复制版本。","无两片相同。孤品率100%——如油画般，没有复制版本。"
"徐冰、蔡国强 + 另 3 位艺术家发行限量版 —— 具收藏价值。","徐冰、蔡国强+另3位艺术家发行限量版——具收藏价值。"
"荣获红点与 iF 设计奖","荣获红点与iF设计奖"
"最高国际设计标准 —— 获德国及全球认可。","最高国际设计标准——获德国及全球认可。"
"凹陷边缘 + 白色结晶由匠人手工完成 —— 无法 100% 机器量产。","凹陷边缘+白色结晶由匠人手工完成——无法100%机器量产。"
"上海龙美术馆当代艺术馆 —— 主大堂","上海龙美术馆当代艺术馆——主大堂"
"东京安缦 —— VIP 套房（整面画廊墙）","东京安缦——VIP套房（整面画廊墙）"
"香港 K11 MUSEA —— 高端艺术商场空间","香港K11 MUSEA——高端艺术商场空间"
"佩斯画廊北京 —— 全球艺术分支机构","佩斯画廊北京——全球艺术分支机构"
"100% 不同。金意陶出厂前为每片单独拍照 + 编 QR 码。扫码可见设计艺术家姓名 + 序列号 + 生产日期。可为收藏项目申请孤品证书。","100%不同。金意陶出厂前为每片单独拍照+编QR码。扫码可见设计艺术家姓名+序列号+生产日期。可为收藏项目申请孤品证书。"
"视 SKU 而定。山雾（KGYS800801）—— 首发 5,000 ㎡ 已售罄，2026 年补产剩 1,200 ㎡。星座（KGYS900181）—— 按单生产，交期 60 天。请联系华越采购查库存。","视SKU而定。山雾（KGYS800801）——首发5,000㎡已售罄，2026年补产剩1,200㎡。星座（KGYS900181）——按单生产，交期60天。请联系华越采购查库存。"
"与北京故宫博物院合作 —— 授权金意陶将 200 件古文物数字化转化为瓷砖。荣获「2021 中国文化遗产保护奖」。","与北京故宫博物院合作——授权金意陶将200件古文物数字化转化为瓷砖。荣获「2021中国文化遗产保护奖」。"
"Premium porcelain —— 景德镇高岭土配料","Premium porcelain——景德镇高岭土配料"
"4K 数码 + 东方古釉 + 描金（云锦款）","4K数码+东方古釉+描金（云锦款）"
"1/16（每 16 片有 16 种不同纹理）","1/16（每16片有16种不同纹理）"
"A 类 —— 居家安全","A类 —— 居家安全"
"25 年 UV 测试后不褪色","25年UV测试后不褪色"
"与北京故宫博物院合作 —— 数字化 200 件古文物","与北京故宫博物院合作 —— 数字化200件古文物"
"东方古釉 + 4K 印刷技术 —— 精确再现宫廷纹样","东方古釉 + 4K印刷技术 —— 精确再现宫廷纹样"
"描金款：由景德镇匠人手工 24K 描金","描金款：由景德镇匠人手工24K描金"
"2021 中国文化遗产保护奖","2021中国文化遗产保护奖"
"东方古釉专利第 3 代","东方古釉专利第3代"
"200 件古文物正式数字化。历史线条精确 —— 非模糊的「灵感」。","200件古文物正式数字化。历史线条精确 —— 非模糊的「灵感」。"
"24K 真金描金款","24K真金描金款"
"云锦系列（KGGF600121）有 24K 真金描金款，SGS 认证 —— 瓷砖市场罕见。","云锦系列（KGGF600121）有24K真金描金款，SGS认证 —— 瓷砖市场罕见。"
"4 位考古学博士 + 12 位高级设计师 —— 学术品质，非模糊的纹样照搬。","4位考古学博士 + 12位高级设计师 —— 学术品质，非模糊的纹样照搬。"
"北京安缦酒店 —— 全部大堂 + VIP 套房","北京安缦酒店 —— 全部大堂 + VIP套房"
"能。本系列获中国文物局「国家级古迹修缮认证」—— 相当于国际标准。已用于 2024 年会安古镇修缮项目（200 ㎡ 路面铺贴）及河内祖国亭。","能。本系列获中国文物局「国家级古迹修缮认证」—— 相当于国际标准。已用于2024年会安古镇修缮项目（200㎡路面铺贴）及河内祖国亭。"
"重复率 1/16 —— 每 16 片为一组不同纹理。铺 100 ㎡（约 150 片 800×800）时几乎看不到重复。相比普通印刷砖 1/4 的重复率 —— 金意陶差异明显。","重复率1/16 —— 每16片为一组不同纹理。铺100㎡（约150片800×800）时几乎看不到重复。相比普通印刷砖1/4的重复率 —— 金意陶差异明显。"
"± 0.2 mm/m —— 高端标准","±0.2mm/m —— 高端标准"
"R10 干态 / R11 湿态（视 SKU 而定）","R10干态 / R11湿态（视SKU而定）"
"-5 °C → 50 °C 循环 10 次","-5°C → 50°C循环10次"
"5 级 —— 24 小时后不被咖啡、红酒沾污","5级 —— 24小时后不被咖啡、红酒沾污"
"≥ 0.42（达美国 ADA 标准）","≥0.42（达美国ADA标准）"
"零排放 —— Greenguard Gold 认证","零排放 —— Greenguard Gold认证"
"采用柯尼卡美能达 CM-5 分光光度计逐批检测 ΔE","采用柯尼卡美能达CM-5分光光度计逐批检测ΔE"
"6 层配料筛分 —— 确保色调绝对一致","6层配料筛分 —— 确保色调绝对一致"
"《建筑文摘》中国版 2023 —— 顶级现代瓷砖","《建筑文摘》中国版2023 —— 顶级现代瓷砖"
"PEFC 产销监管链 —— 可持续生产","PEFC产销监管链 —— 可持续生产"
"采用德国 Hochschild Coatings 的纳米疏油涂层 —— 不渗油污，干擦即净。","采用德国Hochschild Coatings的纳米疏油涂层 —— 不渗油污，干擦即净。"
"Greenguard Gold 标准","Greenguard Gold标准"
"马卡龙粉奶油特别系列，适合女性气质空间。","马卡龙粉奶油特别系列，适合女性气质空间"
"900×1800 mm 岩板，卡拉拉白纹理夹灰黄，媲美真正意大利大理石。","900×1800 mm 岩板，卡拉拉白纹理夹灰黄，媲美真正意大利大理石"
"极致·真石釉是金意陶拥有专利的产品 —— 石釉制造技术达国际水平，石纹自然「生长」，逼近真石。卡拉拉白（Calacatta White）用于无缝一体厨房台面，3D 数码印纹原版还原意大利卡拉拉大理石。","极致·真石釉是金意陶拥有专利的产品——石釉制造技术达国际水平，石纹自然「生长」，逼近真石。卡拉拉白（Calacatta White）用于无缝一体厨房台面，3D 数码印纹原版还原意大利卡拉拉大理石"
"900×1800 mm 岩板，鱼肚白浅纹，柔和象牙白色调。","900×1800 mm 岩板，鱼肚白浅纹，柔和象牙白色调"
"真石釉瓷砖，沉稳灰色调，天然纹理不重复。","真石釉瓷砖，沉稳灰色调，天然纹理不重复"
"西班牙帝皇深棕纹石，金纹闪烁。","西班牙帝皇深棕纹石，金纹闪烁"
"岩板表面仿罗马洞石travertine，天然孔洞纹理。","岩板表面仿罗马洞石 travertine，天然孔洞纹理。"
"水彩 · 臻品艺术系","水彩·臻品艺术系"
"折纸 · 臻品艺术系","折纸·臻品艺术系"
"青花 · 大美国风系","青花·大美国风系"
"云锦 · 大美国风系","云锦·大美国风系"
"如意 · 大美国风系","如意·大美国风系"
"宋瓷 · 大美国风系","宋瓷·大美国风系"
"玉龙 · 大美国风系","玉龙·大美国风系"
"VIP 房","VIP房"
"匠心·木纹砖是金意陶在天猫 + 京东出口最畅销的产品线。北美橡木（North American Oak）—— 高分辨率数码印刷北美橡木纹，每片都是独立木纹。比天然木材耐用 50 倍，100% 防水，温度变化不变形。","匠心·木纹砖是金意陶在天猫+京东出口最畅销的产品线。北美橡木（North American Oak）—— 高分辨率数码印刷北美橡木纹，每片都是独立木纹。比天然木材耐用50倍，100%防水，温度变化不变形。"
"100% 防水 —— 远胜真木","100%防水 —— 远胜真木"
"150×900 板材规格仿地板","150×900板材规格仿地板"
"200×1200 规格仿长木板","200×1200规格仿长木板"
"适合古典 + 热带风格","适合古典+热带风格"
"200×1200 长板规格","200×1200长板规格"
"适合日式 + 北欧","适合日式+北欧"
"PE / PVC / PVC-C / MPP（改性 PP）","PE / PVC / PVC-C / MPP（改性PP）"
"明埋与非开挖（MPP 抗拉强度高）","明埋与非开挖（MPP抗拉强度高）"
"电缆保护管的中国国家 GB/T 标准","电缆保护管中国国家标准GB/T"
"高抗拉 MPP 管用于地下定向钻，减少路面破坏。","高抗拉MPP管用于地下定向钻，减少路面破坏。"
"联塑供热与采暖系列包括 PE-RT 地暖管、阻氧管、集中供热二次管网管及配件（分集水器、过滤套阀）—— 用于民用地暖与区域供热。","联塑供热与采暖系列包括PE-RT地暖管、阻氧管、集中供热二次管网管及配件（分集水器、过滤套阀）——用于民用地暖与区域供热。"
"PE-RT 凭借柔韧、耐热与良好的弯曲性能成为地暖核心材料 —— 联塑为采暖市场研发了多个高端家装系列。","PE-RT凭借柔韧、耐热与良好的弯曲性能成为地暖核心材料——联塑为采暖市场研发了多个高端家装系列。"
"PE-RT（I/II 型），含阻氧层（EVOH）","PE-RT（I/II型），含阻氧层（EVOH）"
"长期至 70°C","长期至70°C"
"热熔 / 经配件卡压","热熔/经配件卡压"
"GB/T 28799（PE-RT 供热）","GB/T 28799（PE-RT供热）"
"PE-RT 弯曲性好、弯曲半径小，便于铺设地暖盘管。","PE-RT弯曲性好、弯曲半径小，便于铺设地暖盘管。"
"EVOH 阻氧层隔绝氧气，保护供热系统中的金属设备。","EVOH阻氧层隔绝氧气，保护供热系统中的金属设备。"
"联塑通风产品群包括 PE 新风管、PVC-U 风管、铝箔复合管及各类管卡/支撑配件 —— 用于民用建筑与养殖的通风及新风系统。","联塑通风产品群包括PE新风管、PVC-U风管、铝箔复合管及各类管卡/支撑配件——用于民用建筑与养殖的通风及新风系统。"
"联塑农业与水产产品群包括 PE 输水管、低压灌溉管、滴灌带、增强软管、栽培槽/栽培管及网箱 – 网箱框架 – 海上集成房屋等水产养殖方案。","联塑农业与水产产品群包括PE输水管、低压灌溉管、滴灌带、增强软管、栽培槽/栽培管及网箱–网箱框架–海上集成房屋等水产养殖方案。"
"联塑从灌溉管拓展至高科技农业方案（基质栽培）与海水养殖（抗浪 HDPE 网箱）。","联塑从灌溉管拓展至高科技农业方案（基质栽培）与海水养殖（抗浪HDPE网箱）。"
"PE/PVC 灌溉管的 GB/T 标准","PE/PVC灌溉管的GB/T标准"
"HDPE 框架与网箱耐海洋环境、抗紫外线。","HDPE框架与网箱耐海洋环境、抗紫外线。"
"卡压管件S 型Ⅰ系列","卡压管件 S 型Ⅰ系列"
"(家装)荷叶仿生自洁抗垢PP-R管","（家装）荷叶仿生自洁抗垢 PP-R 管"
"市政工程：城市建筑给水、饮用水输送 · 化工行业：在酸、碱、盐、纺织、印染生产中输送腐蚀性液体的工艺管与排放管 ·","市政工程：城市建筑给水、饮用水输送 · 化工行业：在酸、碱、盐、纺织、印染生产中输送腐蚀性液体的工艺管与排放管"
"民用给水工程：自来水管、住宅及商业楼宇给水 · 工业管道系统：工业给水、燃气管、空调、自动消防 · 化工管道系统：输送","民用给水工程：自来水管、住宅及商业楼宇给水 · 工业管道系统：工业给水、燃气管、空调、自动消防 · 化工管道系统：输送化学、腐蚀性介质"
"钢丝网骨架塑料 (PE) 复合管","钢丝网骨架塑料（PE）复合管"
"PE给水管","PE 给水管"
"PP-R给水管","PP-R 给水管"
"(家装)双色PP-R给水管","（家装）双色 PP-R 给水管"
"(家装)瓷芯系列双色PP-R给水管","（家装）瓷芯系列双色 PP-R 给水管"
"(家装)橙意瓷芯系列 双色 PP-R给水管","（家装）橙意瓷芯系列双色 PP-R 给水管"
"安居系列三色 PP-R给水管(家装)","安居系列三色 PP-R 给水管（家装）"
"(家装)纳米系列抗菌 PP-R给水管","（家装）纳米系列抗菌 PP-R 给水管"
"(家装)净蓝系列PP-R给水管","（家装）净蓝系列 PP-R 给水管"
"PVC-U给水管","PVC-U 给水管"
"HDPE同层排水系统","HDPE 同层排水系统"
"PVC-U农业专用管及配件","PVC-U 农业专用管及配件"
"(家装)建筑排水用PVC-U管","（家装）建筑排水用 PVC-U 管"
"缠绕结构壁管PE B(D)(开槽克拉管)","缠绕结构壁管 PE B(D)（开槽克拉管）"
"缠绕结构壁管材PE C(T)(柔性克拉管)","缠绕结构壁管材 PE C(T)（柔性克拉管）"
"缠绕结构壁管PE B型(克拉管)","缠绕结构壁管 PE B 型（克拉管）"
"HDPE双壁波纹管","HDPE 双壁波纹管"
"PE 单壁螺旋管","PE单壁螺旋管"
"（家装）双球阀分集水器 H29","（家装）双球阀分集水器H29"
"(家装)双球阀分集水器H29","（家装）双球阀分集水器H29"
"(家装)采暖用黄铜过滤器套阀（长柄）","（家装）采暖用黄铜过滤器套阀（长柄）"
"集中供热二次管网 PE-RT Ⅱ","集中供热二次管网PE-RTⅡ"
"（家装）中国红系列家装 PE-RT Ⅱ（阻氧）采暖管","（家装）中国红系列家装PE-RTⅡ（阻氧）采暖管"
"(家装)中国红系列家装PE-RT Ⅱ（阻氧）采暖管","（家装）中国红系列家装PE-RTⅡ（阻氧）采暖管"
"（家装）仿生抗垢精品家装 PE-RT 采暖管Ⅰ型","（家装）仿生抗垢精品家装PE-RT采暖管Ⅰ型"
"(家装)仿生抗垢精品家装PE-RT采暖管Ⅰ型","（家装）仿生抗垢精品家装PE-RT采暖管Ⅰ型"
"（家装）逸居系列 PE-RT 采暖管Ⅰ型","（家装）逸居系列PE-RT采暖管Ⅰ型"
"(家装)逸居系列PE-RT采暖管Ⅰ型","（家装）逸居系列PE-RT采暖管Ⅰ型"
"（家装）PE-RT 地暖管（紫色）","（家装）PE-RT地暖管（紫色）"
"(家装)PE-RT地暖管（紫色）","（家装）PE-RT地暖管（紫色）"
"（家装）PE-RT 地暖管（黄色）","（家装）PE-RT地暖管（黄色）"
"(家装)PE-RT地暖管（黄色）","（家装）PE-RT地暖管（黄色）"
"（家装）暖金系列家装 PE-RT 地暖管","（家装）暖金系列家装PE-RT地暖管"
"(家装)暖金系列家装PE-RT地暖管","（家装）暖金系列家装PE-RT地暖管"
"（家装）海蓝之星系列家装 PE-RT 地暖管","（家装）海蓝之星系列家装PE-RT地暖管"
"(家装)海蓝之星系列家装PE-RT地暖管","（家装）海蓝之星系列家装PE-RT地暖管"
"PVC 管卡（不配膨胀螺丝）","PVC管卡（不配膨胀螺丝）"
"PVC管卡(不配爆破螺丝)","PVC管卡（不配膨胀螺丝）"
"PVC 管卡（配膨胀螺丝）","PVC管卡（配膨胀螺丝）"
"PVC管卡(配爆破螺丝)","PVC管卡（配膨胀螺丝）"
"快装管卡(不配爆破螺丝)","快装管卡（不配膨胀螺丝）"
"快装管卡(配爆破螺丝)","快装管卡（配膨胀螺丝）"
"不锈钢管卡(包胶)Ⅱ","不锈钢管卡（包胶）Ⅱ"
"Φ110（展开 10m）/ Φ160（展开 10m）","Φ110（展开10m）/ Φ160（展开10m）"
"PVC-U 风管","PVC-U风管"
"PE 新风管","PE新风管"
"瞄泊系统","锚泊系统"
"灌溉用 PP 活接头系列","灌溉用PP活接头系列"
"低压输水灌溉用 PVC-U 管","低压输水灌溉用PVC-U管"
"PVC-U 农业种养供水管","PVC-U农业种养供水管"
"农业用 PE 输水管","农业用PE输水管"
"PVC-U 专用打井管","PVC-U专用打井管"
"I 型：常压（普通输水网管）","I型：常压（普通输水网管）"
"II 型：较高压力（多用途网管）","II型：较高压力（多用途网管）"
"III 型：高压网管","III型：高压网管"
"高密度聚乙烯 (HDPE) 管","高密度聚乙烯（HDPE）管"
"PVC-U 方型开合栽培管及配件","PVC-U方型开合栽培管及配件"
"美标工业用 PVC SCH80 管道系统","美标工业用PVC SCH80管道系统"
"工业用 PVC-U 管材及配件（国标）","工业用PVC-U管材及配件（国标）"
"工业用PVC-U管材及配件(国标)","工业用PVC-U管材及配件（国标）"
"油气用 RTP 玻纤复合管","油气用RTP玻纤复合管"
"适用于工作压力不超过 10MPa · 氢气储存、输送、压缩、加注及集成系统；环境温度 -20℃ 至 65℃","适用于工作压力不超过10MPa·氢气储存、输送、压缩、加注及集成系统；环境温度-20℃至65℃"
"适用于工作压力不超过 10MPa","适用于工作压力不超过10MPa"
"氢气储存、输送、压缩、加注及集成系统；环境温度 -20℃ 至 65℃","氢气储存、输送、压缩、加注及集成系统；环境温度-20℃至65℃"
"PVC-C 消防管","PVC-C消防管"
"涂塑 EP 钢塑复合管（消防用）","涂塑EP钢塑复合管（消防用）"
"涂塑EP钢塑复合管 (消防用)","涂塑EP钢塑复合管（消防用）"
"广泛用于工业、公共领域 · 商业及民用工程电线的一级、二级防火保护","广泛用于工业、公共领域·商业及民用工程电线的一级、二级防火保护"
"用于高端酒店、商业综合体 · 公共工程明装/暗装电线管：文教、医疗、地铁、机场","用于高端酒店、商业综合体·公共工程明装/暗装电线管：文教、医疗、地铁、机场"
"广泛用于地下工程：地铁、隧道、城市综合管廊 · 沿江、沿海地区；室内明装或户外照明；高标准明装/暗装/防爆电线管，用于工程","广泛用于地下工程：地铁、隧道、城市综合管廊·沿江、沿海地区；室内明装或户外照明；高标准明装/暗装/防爆电线管，用于工程"
"铝塑复合管 (燃气用)","铝塑复合管（燃气用）"
"压缩空气、氧气输送管（阻氧，彻底杜绝渗透）· 煤气、燃气管（施工简便、易弯曲、接头少、防静电）","压缩空气、氧气输送管（阻氧，彻底杜绝渗透）·煤气、燃气管（施工简便、易弯曲、接头少、防静电）"
"PE 燃气管","PE燃气管"
"埋地 PE 燃气输送管，工作温度 -20~40℃ · 燃气输送管道系统，长期最大工作压力不超过 0.7MPa","埋地PE燃气输送管，工作温度-20~40℃·燃气输送管道系统，长期最大工作压力不超过0.7MPa"
"埋地 PE 燃气输送管，工作温度 -20~40℃","埋地PE燃气输送管，工作温度-20~40℃"
"燃气输送管道系统，长期最大工作压力不超过 0.7MPa","燃气输送管道系统，长期最大工作压力不超过0.7MPa"
"家用电梯新标准 GB/T 21739-2025","家用电梯新标准GB/T 21739-2025"
"LINVOL 领沃 — 美的集团旗下官方电梯品牌（美的楼宇科技 Midea Building Technologies）","LINVOL领沃—美的集团旗下官方电梯品牌（美的楼宇科技Midea Building Technologies）"
"美的数字化电梯研发中心 + 佛山工业园区工厂","美的数字化电梯研发中心+佛山工业园区工厂"
"数字技术 + AI 全程应用：设计 → 生产 → 定制 → 研发 → 运行 → 维保","数字技术+AI全程应用：设计→生产→定制→研发→运行→维保"
"整套电梯 + 按项目安装","整套电梯+按项目安装"
"「管家 + 专家」 — 终身质保 + 维保（热线 400-700-7722）","「管家+专家」—终身质保+维保（热线400-700-7722）"
"LINVOL「管家 + 专家」模式：按计划维保，检查钢丝绳/导轨、制动器、门、控制系统。","LINVOL「管家+专家」模式：按计划维保，检查钢丝绳/导轨、制动器、门、控制系统。"
"数字技术 + AI 协助监测运行状态，异常早预警。","数字技术+AI协助监测运行状态，异常早预警。"
"是。LINVOL 领沃 是美的集团旗下官方电梯品牌（美的楼宇科技 Midea Building Technologies），制造商为菱王电梯有限公司（Lingwang Elevator）。","是。LINVOL 领沃是美的集团旗下官方电梯品牌（美的楼宇科技 Midea Building Technologies），制造商为菱王电梯有限公司（Lingwang Elevator）。"
"LINVOL 采用「管家 + 专家」全生命周期模式 —— 终身质保 + 维保。","LINVOL 采用「管家+专家」全生命周期模式——终身质保+维保。"
"LINVOL —— 美的集团（《财富》世界 500 强）旗下官方电梯。","LINVOL——美的集团（《财富》世界500强）旗下官方电梯。"
"LINVOL 别墅电梯 —— 轿厢与部件全面升级设计，最大化利用井道空间，外观时尚，可定制性丰富。在美的集团的支持下，成为「用户优选的家用电梯品牌」。","LINVOL 别墅电梯——轿厢与部件全面升级设计，最大化利用井道空间，外观时尚，可定制性丰富。在美的集团的支持下，成为「用户优选的家用电梯品牌」。"
"家用电梯是 LINVOL 重点发展的系列 —— 符合新标准 GB/T 21739-2025，多项配置参数更优。","家用电梯是 LINVOL 重点发展的系列——符合新标准 GB/T 21739-2025，多项配置参数更优。"
"家用电梯 / 别墅电梯","家用电梯/别墅电梯"
"LINVOL 加装改造电梯 —— 专为老旧楼房加装电梯而设计，将全新数字技术与人性化设计相结合，服务社区居民与老年群体。","LINVOL 加装改造电梯——专为老旧楼房加装电梯而设计，将全新数字技术与人性化设计相结合，服务社区居民与老年群体。"
"改造系列满足老旧公寓/楼房加装电梯的需求 —— 解决城市民生难题。","改造系列满足老旧公寓/楼房加装电梯的需求——解决城市民生难题。"
"全新数字技术 + 人性化设计","全新数字技术+人性化设计"
"LINVOL 自动扶梯 —— 适用于购物中心、车站、机场：结构精密，运行平稳，节能省电。","LINVOL 自动扶梯——适用于购物中心、车站、机场：结构精密，运行平稳，节能省电。"
"LINVOL 数字化乘客电梯 —— 适用于酒店、写字楼、住宅小区：性能卓越、安全性高、节能省电；数字技术 + AI 贯穿电梯全生命周期。","LINVOL 数字化乘客电梯——适用于酒店、写字楼、住宅小区：性能卓越、安全性高、节能省电；数字技术+AI 贯穿电梯全生命周期。"
"数字化 + AI 贯穿全生命周期","数字化+AI 贯穿全生命周期"
"LINVOL 别墅电梯 —— 轿厢与部件全面升级设计，最大化利用井道空间，外观时尚，可定制性丰富。隶属美的集团旗下官方电梯品牌。","LINVOL 别墅电梯——轿厢与部件全面升级设计，最大化利用井道空间，外观时尚，可定制性丰富。隶属美的集团旗下官方电梯品牌。"
"LINVOL 领沃 — 美的楼宇科技 Midea Building Technologies","LINVOL 领沃—美的楼宇科技 Midea Building Technologies"
"「管家 + 专家」全生命周期 —— 终身质保 + 维保","「管家+专家」全生命周期——终身质保+维保"
"1 级 —— EER 4.0-4.5（中国标准 GB 21455-2019）","1级 —— EER 4.0-4.5（中国标准 GB 21455-2019）"
"PM2.5 HEPA + 触媒 + 负离子 + UV（4 层）","PM2.5 HEPA + 触媒 + 负离子 + UV（4层）"
"2 年","2年"
"8 年 —— 行业标准的 2 倍","8年 —— 行业标准的2倍"
"12-15 年（美的 7×24 试验台测得）","12-15年（美的7×24试验台测得）"
"GMCC 压缩机 100% 自有 —— 不依赖大金、三菱、松下","GMCC 压缩机100%自有 —— 不依赖大金、三菱、松下"
"北京 2022 冬奥会合作 —— 为运动员村 + 赛场供应空调","北京2022冬奥会合作 —— 为运动员村 + 赛场供应空调"
"室内外机最大间距：15 米铜管","室内外机最大间距：15米铜管"
"最大高度落差：5 米","最大高度落差：5米"
"初次须充足 R32 制冷剂 —— 24 小时后检查压力","初次须充足R32制冷剂 —— 24小时后检查压力"
"夏季每 2 周清洁滤网（越南细颗粒物较高）","夏季每2周清洁滤网（越南细颗粒物较高）"
"AHRI 性能认证","AHRI性能认证"
"德国 Best Buy Award 2023 —— Midea EU 系列","德国Best Buy Award 2023 —— Midea EU系列"
"美国 Cool Vendor 2022 —— 高性价比空调 10 强","美国Cool Vendor 2022 —— 高性价比空调10强"
"中国市场份额连续 5 年第一","中国市场份额连续5年第一"
"-15°C 至 +52°C 稳定运行。河内/胡志明夏季 40°C —— 美的仍可在 5 分钟内深度制冷至 16°C。","-15°C至+52°C稳定运行。河内/胡志明夏季40°C —— 美的仍可在5分钟内深度制冷至16°C。"
"1 级能效 —— EER 4.5","1级能效 —— EER 4.5"
"较定频机省电 30-40%。12㎡ 房间每天用 8 小时，月电费约 15 万越南盾。","较定频机省电30-40%。12㎡房间每天用8小时，月电费约15万越南盾。"
"压缩机质保 8 年 —— 行业的 2 倍","压缩机质保8年 —— 行业的2倍"
"GMCC 自产压缩机 + 8 年质保（行业标准 4-5 年）。8 年内压缩机损坏 → 免费换新。","GMCC自产压缩机 + 8年质保（行业标准4-5年）。8年内压缩机损坏 → 免费换新。"
"北京 2022 冬奥会 —— 全部运动员村 + 赛场（12,000+ 台）","北京2022冬奥会 —— 全部运动员村 + 赛场（12,000+台）"
"腾讯深圳总部 —— 20 万㎡ 总部采用 VRF Multi-V","腾讯深圳总部 —— 20万㎡总部采用VRF Multi-V"
"广州万豪酒店 —— 850 间客房采用嵌入式 + 风管机","广州万豪酒店 —— 850间客房采用嵌入式 + 风管机"
"美的内部 7×24 试验台（由第三方德国 TÜV Rheinland 验证）：美的平均 MTBF 18,000 小时，大金 17,500 小时，三菱 16,000 小时。原因：GMCC 自产压缩机 + 部件配套。价格比日系低 30-40%。","美的内部7×24试验台（由第三方德国TÜV Rheinland验证）：美的平均MTBF 18,000小时，大金17,500小时，三菱16,000小时。原因：GMCC自产压缩机 + 部件配套。价格比日系低30-40%。"
"能否用于人多的场所（50 人展厅）？","能否用于人多的场所（50人展厅）？"
"可以。商用系列包含 5-10HP 立柜机 + 8-20HP VRF Multi-V。50 人就座（按人均约 600 BTU/人 + 面积 1000 BTU/㎡ 计）→ 需 5-6 HP。欢迎将具体房间规格发给华越报价。","可以。商用系列包含5-10HP立柜机 + 8-20HP VRF Multi-V。50人就座（按人均约600 BTU/人 + 面积1000 BTU/㎡计）→ 需5-6 HP。欢迎将具体房间规格发给华越报价。"
"美的于 2016 年收购东芝生活产品及服务公司 —— 在全球运营东芝冰箱业务。拥有东京研发实验室 + 日本若狭工厂 + 佛山工厂。","美的于2016年收购东芝生活产品及服务公司 —— 在全球运营东芝冰箱业务。拥有东京研发实验室 + 日本若狭工厂 + 佛山工厂。"
"PT+（Premium Taste）—— 保鲜 7 天（行业标准 3 天）","PT+（Premium Taste）—— 保鲜7天（行业标准3天）"
"10⁶ 离子/cm³ —— 杀菌 99.9% + 除味","10⁶离子/cm³ —— 杀菌99.9% + 除味"
"-1°C 肉鱼室","-1°C肉鱼室"
"85-90%（行业标准 70-75%）","85-90%（行业标准70-75%）"
"美的 Celest 壁挂式空调1.0 HP MSCE-10CRFN8","美的 Celest 壁挂式空调 1.0 HP MSCE-10CRFN8"
"美的 Celest 壁挂式空调1.0 HP MSCE-19CRFN8","美的 Celest 壁挂式空调 1.0 HP MSCE-19CRFN8"
"AI ECOMASTER 额外节能 30% COOL FLASH Cool Flash 速冷功能，仅需 10 分钟即可让房间降温 5℃……","AI ECOMASTER 额外节能 30% COOL FLASH 速冷功能，仅需 10 分钟即可让房间降温 5℃……"
"COOL FLASH：Cool Flash 速冷功能，仅需 10 分钟即可让房间降温 5℃","COOL FLASH：速冷功能，仅需 10 分钟即可让房间降温 5℃"
"美的 Celest 壁挂式空调1.0 HP MSPT-09CRN8","美的 Celest 壁挂式空调 1.0 HP MSPT-09CRN8"
"美的 Celest 壁挂式空调1.5 HP MSCE-13CRFN8","美的 Celest 壁挂式空调 1.5 HP MSCE-13CRFN8"
"美的 Celest 壁挂式空调1.5 HP MSPT-12CRN8","美的 Celest 壁挂式空调 1.5 HP MSPT-12CRN8"
"美的 Celest 壁挂式空调2.0 HP MSPT-18CRN8","美的 Celest 壁挂式空调 2.0 HP MSPT-18CRN8"
"美的 Celest 壁挂式空调2.5 HP MSCE-25CRFN8","美的 Celest 壁挂式空调 2.5 HP MSCE-25CRFN8"
"美的 Celest 壁挂式空调2.5 HP MSPT-24CRN8","美的 Celest 壁挂式空调 2.5 HP MSPT-24CRN8"
"美的 Celest 壁挂式空调3.0 HP MSCE-28CRFN8","美的 Celest 壁挂式空调 3.0 HP MSCE-28CRFN8"
"集成 HealthGuard 与 Magic Pro 过滤器，强化除菌，守护使用者健康……","集成HealthGuard与Magic Pro过滤器，强化除菌，守护使用者健康……"
"Turbo、清洁+ 与深层清洁功能带来强劲而便捷的清洁效果……","Turbo、清洁+与深层清洁功能带来强劲而便捷的清洁效果……"
"高效洗涤性能：深层清洁系统配合 Magic Pro 过滤器，有效清除污垢与细菌。","高效洗涤性能：深层清洁系统配合Magic Pro过滤器，有效清除污垢与细菌。"
"美的 8.5kg 洗衣机 MA100W85","美的8.5kg洗衣机MA100W85"
"快洗模式 - 智能洗涤 快洗模式结合一键智能洗涤，操作更简单便捷……","快洗模式 - 智能洗涤：快洗模式结合一键智能洗涤，操作更简单便捷……"
"美的 8.5kg 洗衣机 MA200W85","美的8.5kg洗衣机MA200W85"
"HEALTHGUARD 技术 HealthGuard 技术辅助除菌并保持洁净的洗涤环境，让衣物更安心 自清洁……","HEALTHGUARD技术：HealthGuard技术辅助除菌并保持洁净的洗涤环境，让衣物更安心。自清洁……"
"HealthGuard 技术辅助除菌并保持洁净的洗涤环境，让衣物更安心……","HealthGuard技术辅助除菌并保持洁净的洗涤环境，让衣物更安心……"
"Turbo 技术增强洗涤力，高效去除污渍并缩短时间……","Turbo技术增强洗涤力，高效去除污渍并缩短时间……"
"卓越性能：深层清洁系统配合 Magic Pro 过滤器，有效清除污垢与细菌。","卓越性能：深层清洁系统配合Magic Pro过滤器，有效清除污垢与细菌。"
"美的 9.5kg 洗衣机 MF200W95","美的9.5kg洗衣机MF200W95"
"自动清洁模式，可清除细菌并保持洁净的洗涤环境 SMART CONTROL 支持远程监控与操作……","自动清洁模式，可清除细菌并保持洁净的洗涤环境。SMART CONTROL支持远程监控与操作……"
"美的 9.5kg 洗衣机 MA200W95","美的9.5kg洗衣机MA200W95"
"快洗 - 柔护洗涤 快洗程序结合便捷的一键操作 自清洁模式 自动清洁并除菌……","快洗 - 柔护洗涤：快洗程序结合便捷的一键操作。自清洁模式：自动清洁并除菌……"
"美的 7kg 干衣机 MD100A70","美的7kg干衣机MD100A70"
"除菌烘干模式 Healthy Guard 技术在烘干结束后保持滚筒内高温，彻底除菌。……","除菌烘干模式：Healthy Guard技术在烘干结束后保持滚筒内高温，彻底除菌。……"
"美的 2000W 单灶电磁炉 MI-B2015DE","美的2000W单灶电磁炉MI-B2015DE"
"厨房电器 · 电磁炉","厨房电器·电磁炉"
"小巧灵活的设计 外观精致轻巧，单灶电磁炉安装或移动都极为便捷 功率……","小巧灵活的设计：外观精致轻巧，单灶电磁炉安装或移动都极为便捷。功率……"
"工作功率高达 2000W，带来极速烹饪体验，缩短……","工作功率高达2000W，带来极速烹饪体验，缩短……"
"内置 6 种智能烹饪程序，包括：煲汤、爆炒、煎炸、炖汤……","内置6种智能烹饪程序，包括：煲汤、爆炒、煎炸、炖汤……"
"美的 2000W 单灶电磁炉 MI-K1923EF(B)","美的2000W单灶电磁炉MI-K1923EF(B)"
"KANGER 微晶玻璃面板 钢化耐热、防刮、易清洁 节省空间 设计小巧雅致 简……","KANGER微晶玻璃面板：钢化耐热、防刮、易清洁。节省空间：设计小巧雅致。简……"
"KANGER 玻璃面板：钢化耐热、防刮、易清洁","KANGER玻璃面板：钢化耐热、防刮、易清洁"
"美的 2100W 单灶电磁炉 MC-2125BVN","美的2100W单灶电磁炉MC-2125BVN"
"EVEN-PRO 技术 受热均匀，烹饪美味地道 卓越性能 功率高达 2100W，可快速烧开水……","EVEN-PRO技术：受热均匀，烹饪美味地道。卓越性能：功率高达2100W，可快速烧开水……"
"EVEN-PRO 技术：受热均匀，烹饪美味地道","EVEN-PRO技术：受热均匀，烹饪美味地道"
"功率高达 2100W，仅需片刻即可烧开水、加热食物……","功率高达2100W，仅需片刻即可烧开水、加热食物……"
"美的 2100W 单灶电磁炉 MC-2125DVN","美的2100W单灶电磁炉MC-2125DVN"
"卓越烹饪性能：2100W 功率搭配 8 档可调火力，烹饪快速又灵活","卓越烹饪性能：2100W功率搭配8档可调火力，烹饪快速又灵活"
"通过 CB/EMC 认证，防水设计与 II 类绝缘，保障全面安全……","通过CB/EMC认证，防水设计与II类绝缘，保障全面安全……"
"轻巧设计：重量仅 1.95kg，厚度 65mm，便于移动与收纳","轻巧设计：重量仅1.95kg，厚度65mm，便于移动与收纳"
"美的 2200W 单灶电磁炉 IC2204","美的2200W单灶电磁炉IC2204"
"卓越性能 功率高达 2200W，瞬间即可烧开水、加热食物 9 档火力 系……","卓越性能：功率高达2200W，瞬间即可烧开水、加热食物。9档火力：系……"
"功率高达 2200W，仅需片刻即可烧开水、加热食物……","功率高达2200W，仅需片刻即可烧开水、加热食物……"
"9 档火力：控制系统让您灵活调节 9 种不同温度档位","9档火力：控制系统让您灵活调节9种不同温度档位"
"美的 2200W 单灶电磁炉 MIC221T0AGA","美的2200W单灶电磁炉 MIC221T0AGA"
"EVEN-PRO 技术 受热均匀，烹饪美味地道 卓越性能 功率高达 2200W，可快速烧开水……","EVEN-PRO技术 受热均匀，烹饪美味地道 卓越性能 功率高达2200W，可快速烧开水……"
"美的 2200W 单灶电磁炉 MIC221T0AGG","美的2200W单灶电磁炉 MIC221T0AGG"
"美的 2200W 单灶电磁炉 MIC221T0AGH","美的2200W单灶电磁炉 MIC221T0AGH"
"美的 5L 电压力锅 MPM50010AMG","美的5L电压力锅 MPM50010AMG"
"厨房电器 · 压力锅","厨房电器·压力锅"
"强劲性能 1000W 功率，烹饪压力高达 70Kpa 高级搪瓷不粘合金内胆 内胆厚度 1.5mm……","强劲性能 1000W功率，烹饪压力高达70Kpa 高级搪瓷不粘合金内胆 内胆厚度1.5mm……"
"强劲性能：1000W 功率，烹饪压力高达 70Kpa","强劲性能：1000W功率，烹饪压力高达70Kpa"
"美的 220W 抽油烟机 MH60L07EM23W-VN","美的220W抽油烟机 MH60L07EM23W-VN"
"厨房电器 · 烟机","厨房电器·烟机"
"强劲吸力高达 1050 m³/h：快速高效去除油烟与异味，保持厨房清新洁净。","强劲吸力高达1050 m³/h：快速高效去除油烟与异味，保持厨房清新洁净。"
"BLDC 电机搭配 iSmoke 传感器：节能 BLDC 电机配合油烟传感器，实现智能高效运行。","BLDC电机搭配iSmoke传感器：节能BLDC电机配合油烟传感器，实现智能高效运行。"
"触控与手势操控：通过触摸或挥手即可便捷调节 5 档吸力。","触控与手势操控：通过触摸或挥手即可便捷调节5档吸力。"
"美的 0.6L 机械式电饭煲 MR-CM06SA","美的0.6L机械式电饭煲 MR-CM06SA"
"小家电 · 电饭煲","小家电·电饭煲"
"持久保温 连续保温长达 12 小时，让米饭始终热腾腾 高级内胆 内胆采用搪瓷不粘铝合金……","持久保温 连续保温长达12小时，让米饭始终热腾腾 高级内胆 内胆采用搪瓷不粘铝合金……"
"持久保温：连续保温长达 12 小时，让米饭始终热腾腾","持久保温：连续保温长达12小时，让米饭始终热腾腾"
"极速烹煮：1D 技术使米饭熟得均匀并节省电能","极速烹煮：1D技术使米饭熟得均匀并节省电能"
"小巧容量：0.6 升，单身人士与年轻家庭的理想之选。","小巧容量：0.6升，单身人士与年轻家庭的理想之选。"
"FUZZY LOGIC 模糊逻辑技术：智能温度传感，100% 保留营养","FUZZY LOGIC模糊逻辑技术：智能温度传感，100%保留营养"
"持久保温 连续保温长达 12 小时，让米饭始终热腾腾 高级内胆 耐用搪瓷不粘铝合金，安全……","持久保温 连续保温长达12小时，让米饭始终热腾腾 高级内胆 耐用搪瓷不粘铝合金，安全……"
"小巧容量：0.6 升，单身人士与年轻家庭的理想之选","小巧容量：0.6升，单身人士与年轻家庭的理想之选"
"美的 0.7L 高端电饭煲 MRD070T1BDS","美的0.7L高端电饭煲 MRD070T1BDS"
"Turbo 对流阀 9 种预设烹饪程序 不粘抗菌内胆","Turbo对流阀 9种预设烹饪程序 不粘抗菌内胆"
"美的 1L 高端电饭煲 MRD100T1BDG","美的1L高端电饭煲 MRD100T1BDG"
"增压阀 - 快速烹饪 特制增压阀激发空气对流，维持沸腾状态，让烹饪更快……","增压阀-快速烹饪 特制增压阀激发空气对流，维持沸腾状态，让烹饪更快……"
"一键多样美食：10 道预设菜单，探索无限烹饪可能。","一键多样美食：10道预设菜单，探索无限烹饪可能。"
"智能烹饪：每道预设菜单都配有 AI 生成的智能烹饪曲线","智能烹饪：每道预设菜单都配有AI生成的智能烹饪曲线"
"24 小时预约烹饪：只需提前备好食材，即可自主设定米饭煮熟时间","24小时预约烹饪：只需提前备好食材，即可自主设定米饭煮熟时间"
"美的 1.8L 高端电饭煲 MRD180T1BDN","美的1.8L高端电饭煲 MRD180T1BDN"
"雅致小巧设计 弧形加热盘设计，3D 立体加热 AI 六段控温 多层加厚内胆……","雅致小巧设计 弧形加热盘设计，3D立体加热 AI六段控温 多层加厚内胆……"
"美的 1.8L 高端电饭煲 MRD180T2BDG","美的1.8L高端电饭煲 MRD180T2BDG"
"3D 立体加热与弧形加热盘 弧形加热盘紧贴内胆的设计与 3D 立体加热技术完美结合……","3D立体加热与弧形加热盘 弧形加热盘紧贴内胆的设计与3D立体加热技术完美结合……"
"独到之处在于人工智能（AI）大脑可在 6 个阶段自动调节温度……","独到之处在于人工智能（AI）大脑可在6个阶段自动调节温度……"
"多层内胆：3.1mm 多层内胆设计，导热极佳，缩短烹饪时间","多层内胆：3.1mm多层内胆设计，导热极佳，缩短烹饪时间"
"美的 1.8L IH 高端电饭煲 MRI180T2BDG","美的1.8L IH高端电饭煲 MRI180T2BDG"
"多维 IH 电磁加热技术 受热均匀，米粒熟透入味 Turbo 对流阀 智能控制蒸汽 备长炭涂层内胆……","多维IH电磁加热技术：受热均匀，米粒熟透入味；Turbo对流阀：智能控制蒸汽；备长炭涂层内胆……"
"多维 IH 电磁加热技术：受热均匀，米粒熟透入味","多维IH电磁加热技术：受热均匀，米粒熟透入味"
"Turbo 对流阀：智能控制蒸汽","Turbo对流阀：智能控制蒸汽"
"美的 1.8L 电脑式电饭煲 MRD-ADA18B","美的1.8L电脑式电饭煲 MRD-ADA18B"
"持久保温 连续保温长达 24 小时，让米饭始终热腾腾 高级内胆 耐用搪瓷不粘铝合金，安全……","持久保温：连续保温长达24小时，让米饭始终热腾腾；高级内胆：耐用搪瓷不粘铝合金，安全……"
"持久保温：连续保温长达 24 小时，让米饭始终热腾腾","持久保温：连续保温长达24小时，让米饭始终热腾腾"
"美的 1.8L 电饭煲 MRM18010BDG","美的1.8L电饭煲 MRM18010BDG"
"一键轻松烹饪 只需按一下按钮即可快速便捷地开始煮饭。长效保温 自动保温功能……","一键轻松烹饪：只需按一下按钮即可快速便捷地开始煮饭；长效保温：自动保温功能……"
"美的 1.8L 电饭煲 MRM18010BDN","美的1.8L电饭煲 MRM18010BDN"
"美的 23W 空气净化器 KJ300GVN","美的23W空气净化器 KJ300GVN"
"小家电 · 净化器","小家电·净化器"
"LED 屏显示粉尘浓度 实时显示空气中的粉尘浓度 P2.5 细颗粒物传感器 检测细颗粒……","LED屏显示粉尘浓度：实时显示空气中的粉尘浓度；P2.5细颗粒物传感器：检测细颗粒……"
"LED 屏显示粉尘浓度：实时显示空气中的粉尘浓度","LED屏显示粉尘浓度：实时显示空气中的粉尘浓度"
"P2.5 细颗粒物传感器：检测 1-10μm 的细颗粒物，如香烟烟雾、花粉、室内灰尘等","P2.5细颗粒物传感器：检测1-10μm的细颗粒物，如香烟烟雾、花粉、室内灰尘等"
"3 种灵活运行模式：自定义、智能和睡眠三种模式","3种灵活运行模式：自定义、智能和睡眠三种模式"
"适用面积 18–30㎡","适用面积18–30㎡"
"美的 35W 空气净化器 KJ400GVN","美的35W空气净化器 KJ400GVN"
"3 种灵活运行模式 自定义模式、智能模式和睡眠模式 P2.5 细颗粒物传感器 检测 1– 微米细颗粒物……","3种灵活运行模式：自定义模式、智能模式和睡眠模式；P2.5细颗粒物传感器：检测1–微米细颗粒物……"
"3 种灵活运行模式：自定义模式、智能模式和睡眠模式","3种灵活运行模式：自定义模式、智能模式和睡眠模式"
"P2.5 细颗粒物传感器：检测 1–10µm 的细颗粒物，如香烟烟雾、花粉、室内灰尘。","P2.5细颗粒物传感器：检测1–10µm的细颗粒物，如香烟烟雾、花粉、室内灰尘。"
"广阔的净化范围：在 28–48㎡ 空间内高效运行。","广阔的净化范围：在28–48㎡空间内高效运行。"
"App 远程操控：可通过 Smart Home App 轻松控制。","App远程操控：可通过Smart Home App轻松控制。"
"LED 屏显示粉尘浓度：根据室内粉尘浓度显示对应颜色","LED屏显示粉尘浓度：根据室内粉尘浓度显示对应颜色"
"美的 35W 落地扇 MFS070R0APBH","美的35W落地扇 MFS070R0APBH"
"小家电 · 风扇","小家电·风扇"
"运行模式 额外节能 30% 极简设计 适配各种家居风格 最大噪音：58 dB，静音运……","运行模式：额外节能30%；极简设计：适配各种家居风格；最大噪音：58dB，静音运……"
"运行模式：额外节能 30%","运行模式：额外节能30%"
"最大噪音：58 dB，静音运行，不影响生活与睡眠","最大噪音：58dB，静音运行，不影响生活与睡眠"
"3 档灵活风速：可按需轻松调节","3档灵活风速：可按需轻松调节"
"高度可调 113 – 136.2 cm：适合多种使用空间","高度可调113–136.2cm：适合多种使用空间"
"美的 50W 落地扇 FS40-24ER","美的50W落地扇 FS40-24ER"
"3 档按键风速 直观的按键控制系统，提供从柔和、自然到强劲的 3 档风速 扇叶直径……","3档按键风速：直观的按键控制系统，提供从柔和、自然到强劲的3档风速；扇叶直径……"
"直观的按键控制系统，提供从柔和、自然到强劲的 3 档风速……","直观的按键控制系统，提供从柔和、自然到强劲的3档风速……"
"智能定时关机功能，最长 7 小时，让您主动管理用电……","智能定时关机功能，最长7小时，让您主动管理用电……"
"美的 50W 落地扇 FS40-24EVN(K)","美的50W落地扇 FS40-24EVN(K)"
"强劲风力，快速降温 50W 功率带来稳定舒适的气流 静音运行 无噪音，适合……","强劲风力，快速降温：50W功率带来稳定舒适的气流；静音运行：无噪音，适合……"
"强劲风力，快速降温：50W 功率带来稳定舒适的气流","强劲风力，快速降温：50W功率带来稳定舒适的气流"
"现代造型设计 高度可灵活调节。55W 功率配 3 片扇叶 快速降温 轻松调……","现代造型设计，高度可灵活调节。55W 功率配3片扇叶，快速降温，轻松调……"
"55W 功率配 3 片扇叶：快速降温","55W 功率配3片扇叶：快速降温"
"轻松调节 3 档风速：简单的按键操控。","轻松调节3档风速：简单的按键操控。"
"极简现代设计 适配各种家居风格 耐用纯铜线电机 运行安静，节能省电 功率……","极简现代设计，适配各种家居风格。耐用纯铜线电机，运行安静，节能省电。功率……"
"快速大面积降温 强劲的 55W 功率搭配直径达 40cm 的 3 片大扇叶系统，设备……","快速大面积降温：强劲的55W功率搭配直径达40cm的3片大扇叶系统，设备……"
"多功能便捷操控 为用户带来便利与高效 高度轻松可调 可灵活调节高度……","多功能便捷操控：为用户带来便利与高效。高度轻松可调，可灵活调节高度……"
"强劲 1700W 功率 吸尘快速高效 高级棉质过滤器 锁住灰尘，提升清洁效果 集尘盒……","强劲1700W功率：吸尘快速高效。高级棉质过滤器，锁住灰尘，提升清洁效果。集尘盒……"
"强劲 1700W 功率：吸尘快速高效","强劲1700W功率：吸尘快速高效"
"5 米远距吸尘：移动方便，便于清洁远处位置","5米远距吸尘：移动方便，便于清洁远处位置"
"180° 平躺设计 11cm 超薄机身搭配助力迷你滚轮，可完全平躺 180°，轻松穿行……","180°平躺设计：11cm超薄机身搭配助力迷你滚轮，可完全平躺180°，轻松穿行……"
"无线吸尘器 移动灵活，高效清洁家中各个区域。强劲吸力 轻松清除……","无线吸尘器：移动灵活，高效清洁家中各个区域。强劲吸力，轻松清除……"
"180° 灵活吸头：轻松清洁死角与难以触及的区域","180°灵活吸头：轻松清洁死角与难以触及的区域"
"小巧手持设计 移动便捷，使用灵活。稳定吸力 高效辅助清洁灰尘。HEPA 过滤器……","小巧手持设计：移动便捷，使用灵活。稳定吸力，高效辅助清洁灰尘。HEPA过滤器……"
"HEPA 过滤器：过滤细微灰尘，改善空气质量","HEPA过滤器：过滤细微灰尘，改善空气质量"
"0.8L 集尘盒：拆卸与清洁轻松","0.8L集尘盒：拆卸与清洁轻松"
"随附 2 个吸头：便捷的地板吸头与缝隙吸头","随附2个吸头：便捷的地板吸头与缝隙吸头"
"美的 650W 手持式吸尘器 MS861APBK 强劲吸力与高功率 吸力高达 15000 Pa，工作功率……","美的 650W 手持式吸尘器 MS861APBK：强劲吸力与高功率，吸力高达15000Pa，工作功率……"
"强劲吸力 16,200 Pa 集充电与自清洁于一体的基站 ScrubExtend 拖布外扩技术 精准区分干湿垃圾……","强劲吸力16200Pa，集充电与自清洁于一体的基站，ScrubExtend拖布外扩技术，精准区分干湿垃圾……"
"突破性 MEGAWATER 技术 凭借已获专利的增压装置，热水供应量提升达 20%，帮助降低……","突破性 MEGAWATER 技术：凭借已获专利的增压装置，热水供应量提升达 20%，帮助降低……"
"隔热塑料外壳，IPX4 防水 防水高效，适合潮湿的浴室环境 ELCB 电气安全系统……","隔热塑料外壳，IPX4 防水：防水高效，适合潮湿的浴室环境；ELCB 电气安全系统……"
"超薄精致横置设计 横向纤薄机身节省浴室空间，安装便捷 功能……","超薄精致横置设计：横向纤薄机身节省浴室空间，安装便捷；功能……"
"超薄精致横置设计 横向纤薄机身节省浴室空间，安装便捷 水箱……","超薄精致横置设计：横向纤薄机身节省浴室空间，安装便捷；水箱……"
"强劲 2500W 功率 快速加热，满足 1-2 人连续使用需求 造型设计……","强劲 2500W 功率：快速加热，满足 1-2 人连续使用需求；造型设计……"
"螺旋加热系统 螺旋加热系统——热水器中的“隐形”核心——可增大接触面积……","螺旋加热系统：螺旋加热系统——热水器中的“隐形”核心——可增大接触面积……"
"净水 · 饮水机","净水·饮水机"
"双龙头双重冷热功能 冷热制取高效 电子芯片制冷 让机器价格更实惠，适……","双龙头双重冷热功能：冷热制取高效；电子芯片制冷：让机器价格更实惠，适……"
"大功率运行 高效满足日常冷热水需求 芯片制冷技术 制冷稳定，运行……","大功率运行：高效满足日常冷热水需求；芯片制冷技术：制冷稳定，运行……"
"便捷下置水桶设计 换桶轻松，无需将重桶抬高，省力便捷 热水龙头儿童安全锁……","便捷下置水桶设计：换桶轻松，无需将重桶抬高，省力便捷；热水龙头儿童安全锁……"
"人造石由约 90% 石粉 / 石英粉 + 树脂压制而成；大规格板材，可按需切割","人造石由约90%石粉/石英粉+树脂压制而成；大规格板材，可按需切割"
"A 字铁架 + 护角 + 缠绕膜；出口采用木箱","A字铁架+护角+缠绕膜；出口采用木箱"
"12 – 30mm（视系列而定）","12–30mm（视系列而定）"
"切割及放置热锅时使用砧板 / 隔热垫；避免骤冷骤热。","切割及放置热锅时使用砧板/隔热垫；避免骤冷骤热"
"鹏翔是母集团；德盛石材是越南法人主体（乂安工厂），共享同一产品体系。","鹏翔是母集团；德盛石材是越南法人主体（乂安工厂），共享同一产品体系"
"按集装箱计；交期随订单确认。","按集装箱计；交期随订单确认"
"鹏翔人造石英石（engineered quartz）—— 由约 90% 石英粉 + 树脂压制而成：硬度高、耐刮擦、防渗透、耐酸。适用于厨房台面、台盆面、地面、墙面铺贴。","鹏翔人造石英石（engineered quartz）——由约90%石英粉+树脂压制而成：硬度高、耐刮擦、防渗透、耐酸。适用于厨房台面、台盆面、地面、墙面铺贴"
"石英石凭借耐用且无孔的表面，是最受欢迎的厨房台面人造石系列。","石英石凭借耐用且无孔的表面，是最受欢迎的厨房台面人造石系列"
"硬度高于天然石材，耐刮擦，少维护。","硬度高于天然石材，耐刮擦，少维护"
"表面无孔，不渗水 / 渗油。","表面无孔，不渗水/渗油"
"多种色调及 Calacatta 金纹系列。","多种色调及Calacatta金纹系列"
"鹏翔人造大理石（engineered/artificial marble）—— 高度还原天然大理石纹理，且均匀度高、易于加工、价格合理，适用于墙面、地面、室内装饰。","鹏翔人造大理石（engineered/artificial marble）——高度还原天然大理石纹理，且均匀度高、易于加工、价格合理，适用于墙面、地面、室内装饰"
"人造大理石纹理美观均匀、瑕疵少，适用于大面积铺贴。","人造大理石纹理美观均匀、瑕疵少，适用于大面积铺贴"
"在同等美学效果下价格优于天然大理石。","在同等美学效果下价格优于天然大理石"
"鹏翔人造玉石（onyx）—— 具备透光（translucent）效果与独特玉石纹理，适用于点缀项目、背光隔断、吧台。","鹏翔人造玉石（onyx）——具备透光（translucent）效果与独特玉石纹理，适用于点缀项目、背光隔断、吧台"
"人造玉石再现天然玉石的梦幻之美，且耐用性更高。","人造玉石再现天然玉石的梦幻之美，且耐用性更高"
"背光（backlit）照射时尤为出彩、高雅。","背光（backlit）照射时尤为出彩、高雅"
"鹏翔人造水磨石（terrazzo）—— 石粒 / 玻璃粒均匀分布于基底，呈现现代水磨石风格，适用于地面、墙面、台面。","鹏翔人造水磨石（terrazzo）——石粒/玻璃粒均匀分布于基底，呈现现代水磨石风格，适用于地面、墙面、台面"
"水磨石凭借耐用与美观重回现代设计潮流。","水磨石凭借耐用与美观重回现代设计潮流"
"石粒 / 玻璃粒 + 树脂 / 水泥基底","石粒/玻璃粒+树脂/水泥基底"
"现代撒粒效果，契合设计潮流。","现代撒粒效果，契合设计潮流"
"耐磨性佳，适用于高客流地面。","耐磨性佳，适用于高客流地面"
"米色人造大理石，属细颗粒系列，色调柔和、明亮淡雅。适用于商业项目、家居及批发，常用于卫浴隔板、窗台及装饰。","米色人造大理石，属细颗粒系列，色调柔和、明亮淡雅。适用于商业项目、家居及批发，常用于卫浴隔板、窗台及装饰"
"12-30mm（标准 18mm 或 20mm）","12-30mm（标准18mm或20mm）"
"白色仿大理石纹人造石板材，由天然石材、大理石粉与树脂制成，提供白、灰、黑、米等色。环保且易于保养，适用于墙面、地面、卫浴、淋浴挡板等。","白色仿大理石纹人造石板材，由天然石材、大理石粉与树脂制成，提供白、灰、黑、米等色。环保且易于保养，适用于墙面、地面、卫浴、淋浴挡板等"
"白灰纹人造石英石表面板材（型号 PXQZ 240610-2），由 90% 石英粉与树脂制成。高度耐酸、耐污、耐热、耐刮擦；环保且易于维护。","白灰纹人造石英石表面板材（型号PXQZ 240610-2），由90%石英粉与树脂制成。高度耐酸、耐污、耐热、耐刮擦；环保且易于维护"
"鹏翔人造石英石板材（90% 石英粉 + 树脂），呈米色 / Calacatta 风格。适用于厨房台面与中岛台面、墙面饰面、卫浴台盆面及面向商业项目的定制家居。","鹏翔人造石英石板材（90%石英粉+树脂），呈米色/Calacatta风格。适用于厨房台面与中岛台面、墙面饰面、卫浴台盆面及面向商业项目的定制家居"
"Calacatta Gold 人造石英石板材，由 90% 石英粉制成，白底配金纹。高度耐酸、耐污、耐热、耐刮擦，适用于厨房台面与中岛台面、墙面饰面、台盆面等。","Calacatta Gold人造石英石板材，由90%石英粉制成，白底配金纹。高度耐酸、耐污、耐热、耐刮擦，适用于厨房台面与中岛台面、墙面饰面、台盆面等"
"米色耐热人造石英石板材，由 90% 石英粉与树脂制成。耐酸、耐污、耐热、耐刮擦，环保且易于维护，适用于厨房台面、中岛台面等。","米色耐热人造石英石板材，由90%石英粉与树脂制成。耐酸、耐污、耐热、耐刮擦，环保且易于维护，适用于厨房台面、中岛台面等"
"耐热；耐酸 / 耐污 / 耐刮擦；环保；易于清洁与维护","耐热；耐酸/耐污/耐刮擦；环保；易于清洁与维护"
"鹏翔人造石英石 PXQZ 241021-1","鹏翔人造石英石PXQZ 241021-1"
"鹏翔 PXQZ 241021-1 是一款由石英粉（90%）与树脂制成的人造石英石板材，提供白、灰、黑、米等色。耐酸、耐污、耐热、耐刮擦，环保。","鹏翔PXQZ 241021-1是一款由石英粉（90%）与树脂制成的人造石英石板材，提供白、灰、黑、米等色。耐酸、耐污、耐热、耐刮擦，环保"
"人造石英石板材（PXQZ 241021-2），由 90% 石英粉与树脂制成，提供白、灰、黑、米等色。典型应用包括厨房台面与中岛台面、墙面饰面、卫浴台盆面等。","人造石英石板材（PXQZ 241021-2），由90%石英粉与树脂制成，提供白、灰、黑、米等色。典型应用包括厨房台面与中岛台面、墙面饰面、卫浴台盆面等。"
"高度耐酸 / 耐污 / 耐热 / 耐刮擦，环保，易于维护","高度耐酸/耐污/耐热/耐刮擦，环保，易于维护"
"米色人造石英石表面板材（90% 石英粉 + 树脂），适用于厨房台面与中岛台面、墙面饰面、卫浴台盆面及定制家居。耐酸、耐污、耐热、耐刮擦。","米色人造石英石表面板材（90%石英粉+树脂），适用于厨房台面与中岛台面、墙面饰面、卫浴台盆面及定制家居。耐酸、耐污、耐热、耐刮擦。"
"来自福建鹏翔的批发型人造石英石板材（90% 石英粉 + 树脂）。提供白、灰、黑、米等色，适用于厨房台面、中岛台面、地面铺装、墙面饰面及卫浴台盆面。支持定制。","来自福建鹏翔的批发型人造石英石板材（90%石英粉+树脂）。提供白、灰、黑、米等色，适用于厨房台面、中岛台面、地面铺装、墙面饰面及卫浴台盆面。支持定制。"
"黄色人造石英石板材，由 90% 石英粉与树脂制成，高度耐酸、耐污、耐热、耐刮擦。适用于商业项目、家居中的厨房台面、台盆面及地面铺装。","黄色人造石英石板材，由90%石英粉与树脂制成，高度耐酸、耐污、耐热、耐刮擦。适用于商业项目、家居中的厨房台面、台盆面及地面铺装。"
"黑色大规格人造石英石板材，来自鹏翔（中国福建），由 90% 石英粉与树脂制成。适用于厨房台面、墙面饰面、卫浴台盆面及定制家居，具备出色的耐用性能。","黑色大规格人造石英石板材，来自鹏翔（中国福建），由90%石英粉与树脂制成。适用于厨房台面、墙面饰面、卫浴台盆面及定制家居，具备出色的耐用性能。"
"高度耐酸 / 耐污 / 耐热 / 耐刮擦，环保，易于维护，耐用","高度耐酸/耐污/耐热/耐刮擦，环保，易于维护，耐用"
"Calacatta 风格人造石英石板材（90% 石英粉与树脂），白底灰纹。典型应用包括厨房台面与中岛台面、墙面饰面、卫浴台盆面及定制家居。","Calacatta风格人造石英石板材（90%石英粉与树脂），白底灰纹。典型应用包括厨房台面与中岛台面、墙面饰面、卫浴台盆面及定制家居。"
"米色人造石英石板材，由 90% 石英粉与树脂制成，高度耐酸、耐污、耐热、耐刮擦。环保且易于维护，适用于厨房台面、台盆面等。","米色人造石英石板材，由90%石英粉与树脂制成，高度耐酸、耐污、耐热、耐刮擦。环保且易于维护，适用于厨房台面、台盆面等。"
"米色人造石英石板材，由 90% 石英粉与树脂制成，具备高度耐酸、耐污、耐热、耐刮擦性能。适用于厨房台面、台盆面、地面铺装及墙面饰面等。","米色人造石英石板材，由90%石英粉与树脂制成，具备高度耐酸、耐污、耐热、耐刮擦性能。适用于厨房台面、台盆面、地面铺装及墙面饰面等。"
"Golden Veins 人造石英石板材，白底配金纹（calacatta 风格），由 90% 石英粉与树脂制成。适用于厨房台面、墙面饰面、卫浴台盆面、定制家居等。","Golden Veins人造石英石板材，白底配金纹（Calacatta风格），由90%石英粉与树脂制成。适用于厨房台面、墙面饰面、卫浴台盆面、定制家居等。"
"5000 ㎡/月","5000㎡/月"
"人造石英石板材，由 90% 石英粉与树脂制成，提供米色及其他色调。高度耐酸、耐污、耐热、耐刮擦；适用于厨房台面、台盆面、地面铺装等。","人造石英石板材，由90%石英粉与树脂制成，提供米色及其他色调。高度耐酸、耐污、耐热、耐刮擦；适用于厨房台面、台盆面、地面铺装等。"
"鹏翔人造石英石板材（PXQZ-240901-1），提供白、灰、黑、米等色。由 90% 石英粉与树脂制成，高度耐酸、耐污、耐热、耐刮擦，适用于厨房台面等。","鹏翔人造石英石板材（PXQZ-240901-1），提供白、灰、黑、米等色。由90%石英粉与树脂制成，高度耐酸、耐污、耐热、耐刮擦，适用于厨房台面等。"
"经典 Calacatta 风格人造石英石，白底配灰纹，由 90% 石英粉与树脂制成。适用于厨房台面与中岛台面、墙面饰面、卫浴台盆面及定制家居，性能出色。","经典Calacatta风格人造石英石，白底配灰纹，由90%石英粉与树脂制成。适用于厨房台面与中岛台面、墙面饰面、卫浴台盆面及定制家居，性能出色。"
"经典 Calacatta 风格人造石英石板材，鹏翔的热销产品之一。典型应用包括厨房台面与中岛台面、墙面饰面、卫浴台盆面及定制家居。","经典Calacatta风格人造石英石板材，鹏翔的热销产品之一。典型应用包括厨房台面与中岛台面、墙面饰面、卫浴台盆面及定制家居。"
"人造石英石纹（白 / 灰 / 黑）","人造石英石纹（白/灰/黑）"
"人造石英石板材，由 90% 石英粉与树脂制成，提供白、灰、黑、米等色。厂家热销产品之一，适用于厨房台面、墙面饰面、卫浴台盆面等。","人造石英石板材，由90%石英粉与树脂制成，提供白、灰、黑、米等色。厂家热销产品之一，适用于厨房台面、墙面饰面、卫浴台盆面等。"
"人造石英石（石英粉 90%、树脂）","人造石英石（石英粉90%、树脂）"
"高度耐酸 / 耐污 / 耐热 / 耐刮擦，环保，易于清洁，耐用","高度耐酸/耐污/耐热/耐刮擦，环保，易于清洁，耐用"
"蓝色人造石英石板材，外观仿天然石材，由 90% 石英粉与树脂制成。高度耐酸、耐污、耐热、耐刮擦，环保且易于维护。","蓝色人造石英石板材，外观仿天然石材，由90%石英粉与树脂制成。高度耐酸、耐污、耐热、耐刮擦，环保且易于维护。"
"20-30mm（可选 16-30mm）","20-30mm（可选16-30mm）"
"经典 Calacatta 风格白色人造石英石板材，配灰纹，由 90% 石英粉与树脂制成。这款热销人造石具备耐酸、耐污、耐热、耐刮擦性能。","经典Calacatta风格白色人造石英石板材，配灰纹，由90%石英粉与树脂制成。这款热销人造石具备耐酸、耐污、耐热、耐刮擦性能。"
"20-30mm（常用范围 16mm-30mm）","20-30mm（常用范围16mm-30mm）"
"经典 Calacatta 风格白色人造石英石板材，配灰纹，由 90% 石英粉与树脂制成。适用于厨房台面、墙面饰面、卫浴台盆面及室内空间的定制家居。","经典Calacatta风格白色人造石英石板材，配灰纹，由90%石英粉与树脂制成。适用于厨房台面、墙面饰面、卫浴台盆面及室内空间的定制家居。"
"耐酸 / 耐污 / 耐热 / 耐刮擦，环保，易于维护清洁，耐用","耐酸/耐污/耐热/耐刮擦，环保，易于维护清洁，耐用"
"Calacatta 纹理人造石英石表面，由石英粉（90%）与树脂制成，抛光处理。耐酸、耐污、耐热、耐刮擦，环保且易于清洁；适用面广。","Calacatta纹理人造石英石表面，由石英粉（90%）与树脂制成，抛光处理。耐酸、耐污、耐热、耐刮擦，环保且易于清洁；适用面广。"
"20-30mm（范围 16-30mm）","20-30mm（范围16-30mm）"
"白色、灰色、黑色、米色（Calacatta 设计）","白色、灰色、黑色、米色（Calacatta设计）"
"跨多大洲——西方技术 + 中国供应链","跨越多大洲——西方技术 + 中国供应链"
"国际照明集团 Feilo Sylvania——跨多大洲的研发网络 + 工厂","国际照明集团 Feilo Sylvania——跨越多大洲的研发网络 + 工厂"
"AA 电池 + 应急供电接口（视型号而定）","AA电池 + 应急供电接口（视型号而定）"
"DIY 安装简便","DIY安装简便"
"TEEHO WiFi 智能锁（TE011W/TE012W）—— 可通过 App 远程控制与下发密码、查看进出记录、集成语音助手，支持指纹/密码/App/钥匙开锁。","TEEHO WiFi智能锁（TE011W/TE012W）——可通过App远程控制与下发密码、查看进出记录、集成语音助手，支持指纹/密码/App/钥匙开锁。"
"WiFi 系列将 TEEHO 门锁接入智能家居生态。","WiFi系列将TEEHO门锁接入智能家居生态。"
"WiFi 智能锁","WiFi智能锁"
"App 远程控制、下发 / 锁定密码、记录","App远程控制、下发/锁定密码、记录"
"随时随地通过 App 下发密码与开锁。","随时随地通过App下发密码与开锁。"
"TEEHO 密码执手锁（TE001L/TE002L/TE003/TE004）—— 适用于房门 / 入户门的电子执手锁，支持指纹与密码开锁，配机械应急钥匙。","TEEHO密码执手锁（TE001L/TE002L/TE003/TE004）——适用于房门/入户门的电子执手锁，支持指纹与密码开锁，配机械应急钥匙。"
"TEEHO 执手锁套装（TE001K/TE002K/TE001H）—— 插芯锁 + 同步执手套装组合，适用于入户门，支持指纹与密码开锁。","TEEHO执手锁套装（TE001K/TE002K/TE001H）——插芯锁+同步执手套装组合，适用于入户门，支持指纹与密码开锁。"
"插芯锁 + 执手套装（handle set）","插芯锁+执手套装（handle set）"
"插芯锁 + 同步执手，守护入户门。","插芯锁+同步执手，守护入户门。"
"TEEHO 智能执手（TE018）—— 集成指纹 / 密码的门执手，简洁紧凑，适用于房门。","TEEHO智能执手（TE018）——集成指纹/密码的门执手，简洁紧凑，适用于房门。"
"TEEHO 网关（G1）—— 连接器 / hub，让蓝牙门锁可通过 WiFi 实现远程控制，扩展智能家居功能。","TEEHO网关（G1）——连接器/hub，让蓝牙门锁可通过WiFi实现远程控制，扩展智能家居功能。"
"网关是 TEEHO 门锁系统的连接扩展配件。","网关是TEEHO门锁系统的连接扩展配件。"
"网关 / 连接 Hub","网关/连接Hub"
"蓝牙 ↔ WiFi 桥接，实现远程控制","蓝牙↔WiFi桥接，实现远程控制"
"支持网关的 TEEHO 门锁","支持网关的TEEHO门锁"
"让蓝牙门锁可通过 App 实现远程控制。","让蓝牙门锁可通过App实现远程控制。"
"TEEHO TE001 密码插芯锁","TEEHO TE001密码插芯锁"
"TEEHO TE001 是一款面向入户门的无钥匙电子插芯锁，可通过背光键盘 PIN 密码或两把机械应急钥匙开锁。本锁完全离线运行（无需 App、Wi-Fi 或蓝牙）。","TEEHO TE001是一款面向入户门的无钥匙电子插芯锁，可通过背光键盘PIN密码或两把机械应急钥匙开锁。本锁完全离线运行（无需App、Wi-Fi或蓝牙）。"
"键盘 PIN 密码 + 2 把机械应急钥匙","键盘PIN密码 + 2把机械应急钥匙"
"最多 20 组访问密码；支持一次性密码（使用后自动删除）","最多20组访问密码；支持一次性密码（使用后自动删除）"
"无 —— 完全离线运行，无需 App / Wi-Fi / 蓝牙","无——完全离线运行，无需App/Wi-Fi/蓝牙"
"支持；长按任意键 1.5 秒可一键上锁","支持；长按任意键1.5秒可一键上锁"
"4 节 5 号（AA）电池，续航约 1 年；电量低于 15% 时红灯提示","4节5号（AA）电池，续航约1年；电量低于15%时红灯提示"
"IP54 防水","IP54防水"
"-22°F 至 158°F（-30°C 至 70°C）","-22°F至158°F（-30°C至70°C）"
"通过带背光键盘无钥匙开锁，附 2 把机械应急钥匙","通过带背光键盘无钥匙开锁，附2把机械应急钥匙"
"最多可存储 20 组用户 PIN 密码及一次性访客密码（使用后自动删除）","最多可存储20组用户PIN密码及一次性访客密码（使用后自动删除）"
"自动上锁与一键上锁（长按任意键 1.5 秒）","自动上锁与一键上锁（长按任意键1.5秒）"
"完全离线运行 —— 无需 App、Wi-Fi、蓝牙或复杂编程","完全离线运行——无需App、Wi-Fi、蓝牙或复杂编程"
"IP54 耐候，在 -22°F 至 158°F 各种气候条件下均可运行","IP54耐候，在-22°F至158°F各种气候条件下均可运行"
"4 节 AA 电池续航约 1 年，电量不足时红灯报警","4节AA电池续航约1年，电量不足时红灯报警"
"TEEHO TE001K 密码插芯锁套装","TEEHO TE001K密码插芯锁套装"
"TEEHO TE001K 是一套无钥匙入户门锁套装，将键盘插芯锁与 2 个同步室内门球形执手相结合。可通过最多 20 组访问密码（4-10 位）或机械钥匙开锁，并具备智能自动上锁功能。","TEEHO TE001K是一套无钥匙入户门锁套装，将键盘插芯锁与2个同步室内门球形执手相结合。可通过最多20组访问密码（4-10位）或机械钥匙开锁，并具备智能自动上锁功能。"
"键盘访问密码（4-10 位）+ 机械钥匙","键盘访问密码（4-10位）+ 机械钥匙"
"20 组访问密码；支持一次性密码","20组访问密码；支持一次性密码"
"无（独立键盘锁；无 WiFi/蓝牙/App）","无（独立键盘锁；无WiFi/蓝牙/App）"
"智能自动上锁 10-99 秒，或一键上锁（长按任意键 2 秒）","智能自动上锁10-99秒，或一键上锁（长按任意键2秒）"
"锁芯 / 安全等级","锁芯/安全等级"
"ANSI Grade 3 智能锁芯，耐用合金","ANSI Grade 3智能锁芯，耐用合金"
"IP54 标准","IP54标准"
"4 节 AA 电池，续航 1 年以上","4节AA电池，续航1年以上"
"颜色 / 表面处理","颜色/表面处理"
"无钥匙开锁，支持 20 组可编程访问密码（4-10 位）及机械应急钥匙","无钥匙开锁，支持20组可编程访问密码（4-10位）及机械应急钥匙"
"智能自动上锁：可设定 10-99 秒定时，或长按任意键 2 秒一键上锁","智能自动上锁：可设定10-99秒定时，或长按任意键2秒一键上锁"
"为 Airbnb 房客、保洁、邻居及快递员提供一次性访问密码 —— 使用后自动删除","为Airbnb房客、保洁、邻居及快递员提供一次性访问密码——使用后自动删除"
"插芯锁芯达 ANSI Grade 3 标准，采用耐用合金，IP54 标准耐候","插芯锁芯达ANSI Grade 3标准，采用耐用合金，IP54标准耐候"
"完整套装含同步密码插芯锁与 2 个室内门球形执手","完整套装含同步密码插芯锁与2个室内门球形执手"
"TEEHO TE002 指纹密码插芯锁","TEEHO TE002指纹密码插芯锁"
"TEEHO TE002 是一款面向入户门、支持指纹开锁的无钥匙键盘电子插芯锁。支持最多 20 枚指纹与 20 组密码及机械应急钥匙，具备自动上锁、一次性密码等功能。","TEEHO TE002是一款面向入户门、支持指纹开锁的无钥匙键盘电子插芯锁。支持最多20枚指纹与20组密码及机械应急钥匙，具备自动上锁、一次性密码等功能。"
"指纹、键盘密码、机械钥匙（2 把应急钥匙）、一次性密码","指纹、键盘密码、机械钥匙（2把应急钥匙）、一次性密码"
"最多 20 枚指纹","最多20枚指纹"
"最多 20 组密码","最多20组密码"
"无（独立密码插芯锁；无 WiFi/蓝牙）","无（独立密码插芯锁；无WiFi/蓝牙）"
"可调，10 至 99 秒后自动上锁；长按任意键 1.5 秒可一键上锁","可调，10至99秒后自动上锁；长按任意键1.5秒可一键上锁"
"4 节 AA 电池，续航长达 12 个月；电量低于 15% 时红灯提示","4节AA电池，续航长达12个月；电量低于15%时红灯提示"
"最多 20 枚指纹与 20 组密码，每位家庭成员均可自定义专属开锁方式","最多20枚指纹与20组密码，每位家庭成员均可自定义专属开锁方式"
"一键上锁与自动上锁：长按任意键 1.5 秒即可上锁；10 至 99 秒后自动上锁","一键上锁与自动上锁：长按任意键1.5秒即可上锁；10至99秒后自动上锁"
"IP54 防水，在 -22°F 至 158°F 下表现优异，适应寒冬、酷暑及雨天","IP54防水，在-22°F至158°F下表现优异，适应寒冬、酷暑及雨天"
"节能：4 节 AA 电池续航长达 12 个月，并配电量不足红灯提示","节能：4节AA电池续航长达12个月，并配电量不足红灯提示"
"附 2 把机械应急钥匙，可手动开锁","附2把机械应急钥匙，可手动开锁"
"TEEHO TE003 密码执手门锁","TEEHO TE003密码执手门锁"
"TEEHO TE003 是一款带一体执手的无钥匙键盘门锁。支持 PIN 密码开锁、访客一次性密码及外出模式，并达到 IP54 耐候等级，适用于朝向户外的门。","TEEHO TE003是一款带一体执手的无钥匙键盘门锁。支持PIN密码开锁、访客一次性密码及外出模式，并达到IP54耐候等级，适用于朝向户外的门。"
"键盘 / PIN 密码","键盘/PIN密码"
"无（无 WiFi/蓝牙）","无（无WiFi/蓝牙）"
"-31°F 至 150°F","-31°F至150°F"
"通过键盘 / PIN 密码无钥匙开锁","通过键盘/PIN密码无钥匙开锁"
"为访客提供一次性 PIN 密码","为访客提供一次性PIN密码"
"IP54 标准耐候","IP54标准耐候"
"可在 -31°F 至 150°F 温度范围内运行","可在-31°F至150°F温度范围内运行"
"TEEHO TE001L 执手锁套装","TEEHO TE001L执手锁套装"
"TEEHO TE001L 是一套带两个执手的无钥匙键盘门锁套装。支持键盘密码无钥匙开锁、自动上锁及为访客生成一次性密码，并达到户外耐候标准。","TEEHO TE001L是一套带两个执手的无钥匙键盘门锁套装。支持键盘密码无钥匙开锁、自动上锁及为访客生成一次性密码，并达到户外耐候标准。"
"键盘密码（无钥匙）；整套配 2 个执手","键盘密码（无钥匙）；整套配2个执手"
"20 组访问密码，每组 4-10 位","20组访问密码，每组4-10位"
"无（独立键盘；无 WiFi/蓝牙/App）","无（独立键盘；无WiFi/蓝牙/App）"
"可调 10-99 秒，并支持一键上锁（长按 2 秒）","可调10-99秒，并支持一键上锁（长按2秒）"
"通过键盘密码无钥匙开锁 —— 支持 20 组访问密码（4-10 位）","通过键盘密码无钥匙开锁——支持20组访问密码（4-10位）"
"自动上锁：在设定的 10-99 秒后自动上锁","自动上锁：在设定的10-99秒后自动上锁"
"一键自动上锁：长按键盘任意键 2 秒即可上锁","一键自动上锁：长按键盘任意键2秒即可上锁"
"为 Airbnb 房客、保洁、邻居及快递员提供一次性密码（使用后自动删除）","为Airbnb房客、保洁、邻居及快递员提供一次性密码（使用后自动删除）"
"外出模式可屏蔽用户密码 / 一次性密码，并在有人试图开锁时报警","外出模式可屏蔽用户密码/一次性密码，并在有人试图开锁时报警"
"IP54 耐候；在 -22°F 至 158°F（-30°C 至 70°C）下运行","IP54耐候；在-22°F至158°F（-30°C至70°C）下运行"
"TEEHO TE002K 指纹执手锁套装","TEEHO TE002K指纹执手锁套装"
"TEEHO TE002K 是一套无钥匙入户门锁套装，将指纹键盘插芯锁与两个同步室内门球形执手相结合。可通过指纹、PIN 密码或机械应急钥匙开锁，无需 App、WiFi 或蓝牙。","TEEHO TE002K是一套无钥匙入户门锁套装，将指纹键盘插芯锁与两个同步室内门球形执手相结合。可通过指纹、PIN密码或机械应急钥匙开锁，无需App、WiFi或蓝牙。"
"指纹、PIN 密码、机械钥匙（应急）","指纹、PIN密码、机械钥匙（应急）"
"无（离线；无 App、WiFi 或蓝牙）","无（离线；无App、WiFi或蓝牙）"
"指纹键盘插芯锁 + 2 个室内门球形执手","指纹键盘插芯锁 + 2个室内门球形执手"
"最多 20 组 PIN 密码（4-10 位）","最多20组PIN密码（4-10位）"
"可调 10-99 秒；一键上锁（长按任意键 2 秒）","可调10-99秒；一键上锁（长按任意键2秒）"
"4 节 AA 电池，续航约 1 年；配电量不足提示灯","4节AA电池，续航约1年；配电量不足提示灯"
"IP54 防水；工作温度范围 -22°F 至 158°F","IP54防水；工作温度范围-22°F至158°F"
"生物指纹识别（准确率 99.99%）约 1 秒开锁，指纹读取仅约 0.3 秒","生物指纹识别（准确率99.99%）约1秒开锁，指纹读取仅约0.3秒"
"最多可存储 20 组 PIN 密码（4-10 位）及指纹；支持为访客与快递员设置用后自动删除的一次性密码","最多可存储20组PIN密码（4-10位）及指纹；支持为访客与快递员设置用后自动删除的一次性密码"
"自动上锁功能在设定的 10-99 秒后上锁，或长按任意键 2 秒一键上锁","自动上锁功能在设定的10-99秒后上锁，或长按任意键2秒一键上锁"
"TEEHO TE002L 指纹执手锁套装","TEEHO TE002L指纹执手锁套装"
"TEEHO TE002L 是一款无钥匙指纹键盘插芯锁，配两个同步执手，构成适用于入户门或通道门的完整门锁套装。可通过指纹、PIN 密码或应急钥匙开锁。","TEEHO TE002L是一款无钥匙指纹键盘插芯锁，配两个同步执手，构成适用于入户门或通道门的完整门锁套装。可通过指纹、PIN密码或应急钥匙开锁。"
"指纹、PIN 密码、机械应急钥匙","指纹、PIN密码、机械应急钥匙"
"无（离线键盘锁，无 WiFi/蓝牙）","无（离线键盘锁，无WiFi/蓝牙）"
"最多 20 枚指纹及 20 组访问密码（4-10 位）","最多20枚指纹及20组访问密码（4-10位）"
"一次性 PIN 密码，使用后自动删除","一次性PIN密码，使用后自动删除"
"自动上锁可调 10-99 秒；长按任意键一键上锁","自动上锁可调10-99秒；长按任意键一键上锁"
"识别率 99.99%，读取约 0.3 秒 / 开锁约 1 秒","识别率99.99%，读取约0.3秒/开锁约1秒"
"ANSI Grade 3；连续 10 次输入错误后键盘锁定 3 分钟","ANSI Grade 3；连续10次输入错误后键盘锁定3分钟"
"IP54 耐候","IP54耐候"
"3 种开锁方式：指纹、键盘 PIN 密码或机械应急钥匙","3种开锁方式：指纹、键盘PIN密码或机械应急钥匙"
"附 2 个同步执手，构成完整的插芯锁 + 执手套装","附2个同步执手，构成完整的插芯锁+执手套装"
"自动上锁（10-99 秒）并支持长按任意键一键上锁","自动上锁（10-99秒）并支持长按任意键一键上锁"
"最多可存储 20 枚指纹与 20 组密码；为访客 / 快递员提供一次性密码","最多可存储20枚指纹与20组密码；为访客/快递员提供一次性密码"
"达 ANSI Grade 3 标准，合金锁体 IP54 标准耐候","达ANSI Grade 3标准，合金锁体IP54标准耐候"
"可便捷安装于美标门；4 节 AA 电池续航 1 年以上","可便捷安装于美标门；4节AA电池续航1年以上"
"TEEHO TE004 密码执手锁套装","TEEHO TE004密码执手锁套装"
"支持（虚位密码 / 防偷窥）","支持（虚位密码/防偷窥）"
"输入防窥视虚位密码以保护真实 PIN 密码","输入防窥视虚位密码以保护真实PIN密码"
"带一体执手 / 把手的无钥匙门锁","带一体执手/把手的无钥匙门锁"
"内置 WiFi，可通过 App 远程控制","内置WiFi，可通过App远程控制"
"TEEHO TE012W-K 是一套面向入户门的 WiFi 智能锁套装，将键盘插芯锁与双旋钮执手套装相结合。借助内置 WiFi 支持指纹、键盘密码及 App 远程控制，提供两种表面处理。","TEEHO TE012W-K 是一套面向入户门的WiFi智能锁套装，将键盘插芯锁与双旋钮执手套装相结合。借助内置WiFi，支持指纹、键盘密码及App远程控制，提供两种表面处理。"
"内置 WiFi","内置WiFi"
"键盘插芯锁配执手套装（2 个球形执手）","键盘插芯锁配执手套装（2个球形执手）"
"内置 WiFi，可通过 App 远程控制（无需独立网关 / hub）","内置WiFi，可通过App远程控制（无需独立网关/集线器）"
"随附配 2 个旋钮的执手套装","随附配2个旋钮的执手套装"
"TEEHO TE018 是一款集成键盘与执手的智能门球形执手，可通过键盘密码无钥匙开锁并支持 App 控制。支持远程分享一次性密码与自动上锁。","TEEHO TE018 是一款集成键盘与执手的智能门球形执手，可通过键盘密码无钥匙开锁并支持App控制。支持远程分享一次性密码与自动上锁。"
"键盘密码、App 控制、无钥匙开锁","键盘密码、App控制、无钥匙开锁"
"通过 App 实现远程管理","通过App实现远程管理"
"一体执手 / 旋钮设计","一体执手/旋钮设计"
"TEEHO TE019 是一款带执手的无钥匙智能门锁，支持 App 控制、数字电子键盘及远程分享一次性密码。支持自动上锁与常开模式，适用于卧室及出租房等场景。","TEEHO TE019 是一款带执手的无钥匙智能门锁，支持App控制、数字电子键盘及远程分享一次性密码。支持自动上锁与常开模式，适用于卧室及出租房等场景。"
"App 控制、数字电子键盘（PIN 密码）、一次性 / 临时密码","App控制、数字电子键盘（PIN密码）、一次性/临时密码"
"App 控制（蓝牙）","App控制（蓝牙）"
"执手 / 执手套装","执手/执手套装"
"通过智能手机 App 控制","通过智能手机App控制"
"TEEHO G1 网关是一款 WiFi 桥接器兼智能控制中枢，连接兼容联网的 TEEHO 智能门锁，可通过 KK Home App 远程控锁。产品还集成了智能插座。","TEEHO G1 网关是一款WiFi桥接器兼智能控制中枢，连接兼容联网的TEEHO智能门锁，可通过KK Home App远程控锁。产品还集成了智能插座。"
"WiFi 桥接器 / 智能网关，集成智能插座","WiFi桥接器/智能网关，集成智能插座"
"Alexa 语音控制","Alexa语音控制"
"可通过 App 控制的电源插座","可通过App控制的电源插座"
"WiFi 桥接器，连接兼容联网的 TEEHO 智能门锁实现远程控制","WiFi桥接器，连接兼容联网的TEEHO智能门锁实现远程控制"
"随时随地通过 App 远程上锁 / 开锁并查看状态","随时随地通过App远程上锁/开锁并查看状态"
"内置智能插座 / 可通过 App 控制的电源插座","内置智能插座/可通过App控制的电源插座"
"配合 KK Home App 使用","配合KK Home App使用"
"支持 Alexa 语音控制","支持Alexa语音控制"
"欧盟能效标签 —— 按 EEI 分级 A 至 G","欧盟能效标签 —— 按EEI分级A至G"
"Red Dot 与 iF Design（高端 Küppersbusch 系列）","Red Dot与iF Design（高端Küppersbusch系列）"
"接驳前确保电源 / 燃气管路 / 给排水符合标准","接驳前确保电源/燃气管路/给排水符合标准"
"用湿软布 + 中性溶液擦拭表面。请勿使用研磨性清洁剂或硬物刮擦玻璃 / 不锈钢。","用湿软布 + 中性溶液擦拭表面。请勿使用研磨性清洁剂或硬物刮擦玻璃/不锈钢。"
"定期清洁滤油网（抽油烟机）、烤盘 / 内腔（烤箱）、滤网（洗衣机）。烤箱配有蒸汽自清洁（AquaClean）或热解清洁模式。","定期清洁滤油网（抽油烟机）、烤盘/内腔（烤箱）、滤网（洗衣机）。烤箱配有蒸汽自清洁（AquaClean）或热解清洁模式。"
"定期检查门封、燃烧器、燃气 / 水路；出现异常时联系技术人员，以保持性能与安全。","定期检查门封、燃烧器、燃气/水路；出现异常时联系技术人员，以保持性能与安全。"
"蒸箱 / 蒸烤一体机","蒸箱/蒸烤一体机"
"嵌入式（built-in）","嵌入式"
"日常加热 / 快煮便捷。","日常加热 / 快煮便捷"
"嵌装贴合，玻璃面板与烤箱协调一致。","嵌装贴合，玻璃面板与烤箱协调一致"
"Teka 抽油烟机 —— 侧吸式（CXW-220 DLV/iHood）与壁挂 T 型（DH/GFH）系列 —— 吸力强劲、运行静音、不锈钢滤油网可拆卸。","Teka 抽油烟机 —— 侧吸式（CXW-220 DLV/iHood）与壁挂 T 型（DH/GFH）系列 —— 吸力强劲、运行静音、不锈钢滤油网可拆卸"
"抽油烟机是 Teka 的长期强项，款式多样适配各种厨房布局。","抽油烟机是 Teka 的长期强项，款式多样适配各种厨房布局"
"高效排除油烟，适合重油烟的中式厨房。","高效排除油烟，适合重油烟的中式厨房"
"电机优化噪声，多档风速可调。","电机优化噪声，多档风速可调"
"Teka 灶具 —— 燃气灶（IG/GFH/JZT）与电磁 / 电嵌入灶 —— 钢化玻璃、高效燃烧器、安全熄火保护。","Teka 灶具 —— 燃气灶（IG/GFH/JZT）与电磁 / 电嵌入灶 —— 钢化玻璃、高效燃烧器、安全熄火保护"
"Teka 为燃气与电 / 电磁市场提供多样化嵌入式灶具。","Teka 为燃气与电 / 电磁市场提供多样化嵌入式灶具"
"火力强劲、分布均匀、节省燃气。","火力强劲、分布均匀、节省燃气"
"自动熄火断气，耐热玻璃面板。","自动熄火断气，耐热玻璃面板"
"Teka 嵌入式咖啡机（CLC 855 GM）—— 集成磨豆，自动制作 espresso/cappuccino，与橱柜同步嵌装。","Teka 嵌入式咖啡机（CLC 855 GM）—— 集成磨豆，自动制作 espresso/cappuccino，与橱柜同步嵌装"
"Teka 拓展至现代厨房的高端集成饮品设备。","Teka 拓展至现代厨房的高端集成饮品设备"
"从豆到 espresso/cappuccino 一键完成。","从豆到 espresso/cappuccino 一键完成"
"与同系烤箱、微波炉设计协调。","与同系烤箱、微波炉设计协调"
"Teka 冰箱 —— 包括多门手工不锈钢系列（RMF）及嵌入 / 独立式（RFD/RFC）欧式风格冰箱。","Teka 冰箱 —— 包括多门手工不锈钢系列（RMF）及嵌入 / 独立式（RFD/RFC）欧式风格冰箱"
"Teka 为高端厨房提供协调一致的冷藏保鲜解决方案。","Teka 为高端厨房提供协调一致的冷藏保鲜解决方案"
"分区温控，使食材持久保鲜。","分区温控，使食材持久保鲜"
"RMF 手工不锈钢系列高雅耐用、历久弥新。","RMF 手工不锈钢系列高雅耐用、历久弥新"
"Teka 洗衣机（WML/WDL）—— 前开门、变频节能、多种洗涤程序，适合家庭使用。","Teka 洗衣机（WML/WDL）—— 前开门、变频节能、多种洗涤程序，适合家庭使用"
"Teka 为现代生活空间提供洗涤设备系列。","Teka 为现代生活空间提供洗涤设备系列"
"变频静音，节水省电。","变频静音，节水省电"
"针对不同面料的多种模式。","针对不同面料的多种模式"
"Teka 热泵干衣机（SHL）—— 柔和烘干、节能省电、呵护衣物纤维。","Teka 热泵干衣机（SHL）—— 柔和烘干、节能省电、呵护衣物纤维"
"多维热风烹饪功能 - 12 种烹饪功能","多维热风烹饪功能 - 12种烹饪功能"
"4 英寸 TFT 全彩触控面板","4英寸TFT全彩触控面板"
"个人烹饪助手：20 道自动菜单","个人烹饪助手：20道自动菜单"
"能效等级 A+，比 A 级省电达 20%","能效等级A+，比A级省电达20%"
"低温慢煮功能，以及披萨、发酵、解冻和 eco 节能烘烤模式","低温慢煮功能，以及披萨、发酵、解冻和ECO节能烘烤模式"
"45cm 紧凑式多维热风烹饪功能水洁烤箱 HLC 840","45cm紧凑式多维热风烹饪功能水洁烤箱HLC 840"
"45cm紧凑式多维热风烹饪功能水洁烤箱 HLC 840","45cm紧凑式多维热风烹饪功能水洁烤箱HLC 840"
"45cm 紧凑式 water-clean 水洁烤箱，配备多维热风烹饪功能、water-clean® PRO 清洁系统、9 种烹饪功能及 LED 显示触控面板，高能效等级","45cm紧凑式water-clean水洁烤箱，配备多维热风烹饪功能、water-clean® PRO清洁系统、9种烹饪功能及LED显示触控面板，高能效等级"
"AquaClean® PRO 水洁清洁系统","AquaClean® PRO水洁清洁系统"
"多维热风多功能（9 种烹饪功能）","多维热风多功能（9种烹饪功能）"
"LED 显示触控面板，快速预热模式","LED显示触控面板，快速预热模式"
"全新全展开滑轨（1 条直线伸缩导轨）","全新全展开滑轨（1条直线伸缩导轨）"
"ECO 节能烘烤与解冻功能，儿童安全锁","ECO节能烘烤与解冻功能，儿童安全锁"
"45cm 紧凑式多维热风烹饪功能双清洁系统烤箱 HLC 860 P","45cm紧凑式多维热风烹饪功能双清洁系统烤箱HLC 860 P"
"45cm紧凑式多维热风烹饪功能双清洁系统烤箱 HLC 860 P","45cm紧凑式多维热风烹饪功能双清洁系统烤箱HLC 860 P"
"45cm 紧凑式烤箱，具备多维热风烹饪功能与双重清洁系统。多功能烤箱采用多维热风烹饪功能（SurroundTemp），确保热量多向均匀分布","45cm紧凑式烤箱，具备多维热风烹饪功能与双重清洁系统。多功能烤箱采用多维热风烹饪功能（SurroundTemp），确保热量多向均匀分布"
"44/45 升（有效容积 44 升）","44/45升（有效容积44升）"
"AquaClean 水洁系统快速、高效、节能 —— 日常炉腔清洁的得力助手","AquaClean水洁系统快速、高效、节能——日常炉腔清洁的得力助手"
"个人烹饪助手功能（20 道自动菜单）","个人烹饪助手功能（20道自动菜单）"
"4 英寸 TFT 真彩触控屏控制","4英寸TFT真彩触控屏控制"
"1 条直线伸缩滑轨（telescopic）","1条直线伸缩滑轨（telescopic）"
"3 档高温热解清洁：P1、P2、P3","3档高温热解清洁：P1、P2、P3"
"多功能烤箱 HSB 615","多功能烤箱HSB 615"
"60cm 多功能 water-clean 水洁烤箱，配备多维热风烹饪功能及 6 种烹饪功能，采用 Teka water-clean® ECO 系统，能效等级 A+，比 A 级省电达 20%。","60cm多功能water-clean水洁烤箱，配备多维热风烹饪功能及6种烹饪功能，采用Teka water-clean® ECO系统，能效等级A+，比A级省电达20%。"
"多维热风烹饪功能 - 6 种烹饪功能","多维热风烹饪功能 - 6种烹饪功能"
"Teka AquaClean® 水洁系统 ECO","Teka AquaClean®水洁系统ECO"
"60cm 多功能水洁烤箱 HSB 635","60cm多功能水洁烤箱HSB 635"
"60cm多功能水洁烤箱 HSB 635","60cm多功能水洁烤箱HSB 635"
"60cm 多功能 water-clean 水洁烤箱，配备 8 种烹饪功能及 Teka water-clean® PRO 系统，能效等级 A+。","60cm多功能water-clean水洁烤箱，配备8种烹饪功能及Teka water-clean® PRO系统，能效等级A+。"
"8 种烹饪功能","8种烹饪功能"
"LED 显示触控面板，数字定时","LED显示触控面板，数字定时"
"45cm 紧凑式多功能水洁 PRO 烤箱 HSC 635","45cm紧凑式多功能水洁PRO烤箱HSC 635"
"45cm紧凑式多功能水洁PRO烤箱 HSC 635","45cm紧凑式多功能水洁PRO烤箱HSC 635"
"45cm 紧凑式多功能 water-clean PRO 水洁烤箱，配备 Teka water-clean® PRO 清洁系统，提供 8 种烹饪功能，能效等级 A+。","45cm紧凑式多功能water-clean PRO水洁烤箱，配备Teka water-clean® PRO清洁系统，提供8种烹饪功能，能效等级A+。"
"1 个 AquaClean® 水洁深烤盘（50mm）+ 1 个镀铬网架，儿童安全锁，动态通风系统","1个AquaClean®水洁深烤盘（50mm）+1个镀铬网架，儿童安全锁，动态通风系统"
"强劲火力牛排烤架（700°C），60cm SteakMaster 嵌入式电烤箱，配备多维热风烹饪功能及双重自清洁系统。","强劲火力牛排烤架（700°C），60cm SteakMaster 嵌入式电烤箱，配备多维热风烹饪功能及双重自清洁系统"
"Teka 双重自清洁系统：高温热解（3 档）+ AquaClean® 水洁 PRO","Teka 双重自清洁系统：高温热解（3档）+ AquaClean®水洁PRO"
"4 英寸 TFT 彩色触控面板","4英寸TFT彩色触控面板"
"20 道肉类自动烹饪菜单","20道肉类自动烹饪菜单"
"iOven 60cm自动导烹多维热风烹饪功能水洁烤箱","iOven 60cm 自动导烹多维热风烹饪功能水洁烤箱"
"60cm 嵌入式烤箱，集自动导烹、多维热风循环及专业级 water-clean 水洁清洁系统于一体。","60cm 嵌入式烤箱，集自动导烹、多维热风循环及专业级水洁清洁系统于一体"
"多维热风烹饪功能 - 18 种烹饪功能","多维热风烹饪功能 - 18种烹饪功能"
"5 英寸 TFT 全彩触控面板","5英寸TFT全彩触控面板"
"个人烹饪助手：50 道自动菜单","个人烹饪助手：50道自动菜单"
"多功能烤箱 iOven P (60cm自动导烹多维热风烹饪功能水洁烤箱)","多功能烤箱 iOven P (60cm 自动导烹多维热风烹饪功能水洁烤箱)"
"Teka iOven P 60cm 多功能嵌入式烤箱，配备多维热风烹饪功能及 18 种烹饪功能、50 道自动导烹菜单。采用 5 英寸 TFT 全彩触控面板，并配备相关系统","Teka iOven P 60cm 多功能嵌入式烤箱，配备多维热风烹饪功能及18种烹饪功能、50道自动导烹菜单。采用5英寸TFT全彩触控面板，并配备相关系统"
"配件：AquaClean 水洁烤盘、50mm 深烤盘、2 个加强镀铬网架、SteamBox 蒸汽盒、肉类探针","配件：AquaClean水洁烤盘、50mm深烤盘、2个加强镀铬网架、SteamBox蒸汽盒、肉类探针"
"HBC 644 S - 45cm紧凑式蒸箱","HBC 644 S - 45cm 紧凑式蒸箱"
"HBC 644 S 是 45cm 紧凑式嵌入式蒸箱，配备 4 英寸 TFT 真彩触控屏控制、48 升容积及个人烹饪助手功能（20 道自动导烹菜单），温度范围 30-100ºC，表面","HBC 644 S 是45cm紧凑式嵌入式蒸箱，配备4英寸TFT真彩触控屏控制、48升容积及个人烹饪助手功能（20道自动导烹菜单），温度范围30-100ºC，表面"
"1 条直线伸缩滑轨，5 层烹饪层","1条直线伸缩滑轨，5层烹饪层"
"三层隔热玻璃门，SoftClose 阻尼缓冲关门系统","三层隔热玻璃门，SoftClose阻尼缓冲关门系统"
"蒸箱 HLC 847 S 45cm紧凑式水洁蒸箱","蒸箱 HLC 847 S 45cm 紧凑式水洁蒸箱"
"45cm 紧凑式 water-clean 水洁蒸箱，配备 4 英寸 TFT 触控屏控制，黑色玻璃面板。","45cm紧凑式水洁蒸箱，配备4英寸TFT触控屏控制，黑色玻璃面板"
"4 英寸 TFT 触控屏控制","4英寸TFT触控屏控制"
"温度范围 30-100ºC","温度范围30-100ºC"
"个人烹饪助手功能（20 道自动导烹菜单）","个人烹饪助手功能（20道自动导烹菜单）"
"三层隔热玻璃门，配备 SoftClose 缓冲关门系统","三层隔热玻璃门，配备SoftClose缓冲关门系统"
"1 升水箱，具备杀菌与加热功能","1升水箱，具备杀菌与加热功能"
"45cm 紧凑式 water-clean 水洁蒸烤一体机，具备多维热风烹饪功能，配备 15 种烹饪功能、water-clean® PRO 清洁系统及 4 英寸 TFT 真彩触控屏控制。","45cm 紧凑式水洁蒸烤一体机，具备多维热风烹饪功能，配备15种烹饪功能、Water-Clean® PRO清洁系统及4英寸TFT真彩触控屏控制。"
"15 种烹饪功能 + 个人烹饪助手（20 道自动菜单）","15种烹饪功能 + 个人烹饪助手（20道自动菜单）"
"4 英寸 TFT 真彩触控屏控制 + LED 背光环形旋钮","4英寸TFT真彩触控屏控制 + LED背光环形旋钮"
"45cm 紧凑式多功能蒸箱，配备带电子定时的触控面板、5 层烹饪层、温度范围 30-100ºC。","45cm 紧凑式多功能蒸箱，配备带电子定时的触控面板、5层烹饪层、温度范围30-100ºC。"
"5 层烹饪层","5层烹饪层"
"1 升水箱","1升水箱"
"45cm 紧凑式微波烤箱一体机。多功能微波烤箱一体机，配备多维热风烹饪功能及 water-clean® PRO 清洁系统。","45cm 紧凑式微波烤箱一体机。多功能微波烤箱一体机，配备多维热风烹饪功能及Water-Clean® PRO清洁系统。"
"16 + 20 道菜谱","16 + 20道菜谱"
"15 种烹饪功能","15种烹饪功能"
"20 项个人烹饪助手功能","20项个人烹饪助手功能"
"45cm 紧凑式微波烤箱一体机，配备 4 英寸 TFT 真彩触控屏及 11 种烹饪功能，能效等级 A+。","45cm 紧凑式微波烤箱一体机，配备4英寸TFT真彩触控屏及11种烹饪功能，能效等级A+。"
"5 档（最高 850 W）","5档（最高850 W）"
"有效容积 22 L","有效容积22 L"
"5 档微波功率，最高 850 W","5档微波功率，最高850 W"
"90cm 侧吸式抽油烟机，配备触控面板、双面涡轮及 Super 螺旋蜗壳、全自动挡烟板、宽流进风口。","90cm 侧吸式抽油烟机，配备触控面板、双面涡轮及Super螺旋蜗壳、全自动挡烟板、宽流进风口。"
"3 档风量","3档风量"
"3 档风量时 A 计权声功率级","3档风量时A计权声功率级"
"2 盏隐藏式节能 LED 灯","2盏隐藏式节能LED灯"
"3 档风速","3档风速"
"双面涡轮 + Super 螺旋蜗壳","双面涡轮+Super螺旋蜗壳"
"侧吸式抽油烟机 CXW 220 DLV 920 MY","侧吸式抽油烟机 CXW-220-DLV-920-MY"
"侧吸式吸油烟机 CXW 220 DLV 920 MY","侧吸式吸油烟机 CXW-220-DLV-920-MY"
"90cm 侧吸式抽油烟机，配备触控面板、烟灶智能联动及全自动挡烟板。","90cm侧吸式抽油烟机，配备触控面板、烟灶智能联动及全自动挡烟板"
"3 档","3档"
"90cm 超宽不锈钢大集油杯","90cm超宽不锈钢大集油杯"
"侧吸式抽油烟机 CXW 220 iHood 90 MY","侧吸式抽油烟机 CXW-220-iHood-90-MY"
"侧吸式吸油烟机 CXW 220 iHood 90 MY","侧吸式吸油烟机 CXW-220-iHood-90-MY"
"90cm 侧吸式抽油烟机，配备 7″ TFT 全彩触控屏及 Wi-Fi 智能联网功能。","90cm侧吸式抽油烟机，配备7″ TFT全彩触控屏及Wi-Fi智能联网功能"
"7″ TFT 全彩触控屏","7″ TFT全彩触控屏"
"7″ TFT 全彩触控面板","7″ TFT全彩触控面板"
"Wi-Fi 联网，集成多媒体娱乐功能与流畅的互联网访问","Wi-Fi联网，集成多媒体娱乐功能与流畅的互联网访问"
"3 档风速 + 1 档爆炒大火时 3 分钟快速强吸","3档风速+1档爆炒大火时3分钟快速强吸"
"90cm 壁挂式 T 型抽油烟机 CXW 220 DH 90.2 MY","90cm壁挂式T型抽油烟机 CXW-220-DH-90.2-MY"
"CXW 220 DH 90.2 MY 90cm壁挂式T型吸油烟机","CXW-220-DH-90.2-MY 90cm壁挂式T型吸油烟机"
"90cm 壁挂式 T 型抽油烟机，采用双面涡轮及 Super 螺旋蜗壳，触控面板，3 档风速 + 1 档爆炒大火时高速强吸。","90cm壁挂式T型抽油烟机，采用双面涡轮及Super螺旋蜗壳，触控面板，3档风速+1档爆炒大火时高速强吸"
"壁挂式 T 型抽油烟机","壁挂式T型抽油烟机"
"3 档 + 1 档爆炒高速强吸","3档+1档爆炒高速强吸"
"3 档风量（m³/h）","3档风量（m³/h）"
"70cm 嵌入式抽油烟机 GFH 73","70cm嵌入式抽油烟机 GFH-73"
"70cm嵌入式吸油烟机 GFH 73","70cm嵌入式吸油烟机 GFH-73"
"Teka GFH 73 70cm 嵌入式抽油烟机，采用按键式控制面板，配备动态运行显示、3 档风速、2 盏隐藏式照明灯及多层铝制滤油网。","Teka GFH-73 70cm嵌入式抽油烟机，采用按键式控制面板，配备动态运行显示、3档风速、2盏隐藏式照明灯及多层铝制滤油网"
"2 盏隐藏式照明灯","2盏隐藏式照明灯"
"2 片多层装饰铝制滤油网，彻底滤除油烟颗粒","2片多层装饰铝制滤油网，彻底滤除油烟颗粒"
"可选配 CNL 1C 活性炭滤芯用于内循环模式","可选配CNL-1C活性炭滤芯用于内循环模式"
"嵌入式抽油烟机 RFC 60210 O1B","嵌入式抽油烟机 RFC-60210-O1B"
"嵌入式吸油烟机 RFC 60210 O1B","嵌入式吸油烟机 RFC-60210-O1B"
"燃气灶 IG 620 1G AI AL DR CI NAT","燃气灶 IG-620-1G-AI-AL-DR-CI-NAT"
"气灶 IG 620 1G AI AL DR CI NAT","气灶 IG-620-1G-AI-AL-DR-CI-NAT"
"3 个灶眼，每个灶眼独立控制","3个灶眼，每个灶眼独立控制"
"3 灶眼不锈钢灶面燃气灶，配备 Teka 独家专利控制旋钮及外覆陶瓷釉层的铜质燃烧器盖，采用 AISI 304 拉丝不锈钢灶面，两个铸铁方形锅架","3灶眼不锈钢灶面燃气灶，配备Teka独家专利控制旋钮及外覆陶瓷釉层的铜质燃烧器盖，采用AISI 304拉丝不锈钢灶面，两个铸铁方形锅架"
"1 个辅助燃烧器（1400 W），2 个高效铜质燃烧器（各 4500 W）","1个辅助燃烧器（1400 W），2个高效铜质燃烧器（各4500 W）"
"AISI 304 不锈钢拉丝","AISI 304不锈钢拉丝"
"电池点火（DC 1.5V，1 节）","电池点火（DC 1.5V，1节）"
"前置 Teka 独家专利控制旋钮","前置Teka独家专利控制旋钮"
"嵌入式磨豆咖啡机，集咖啡、蒸汽、热水三大主要功能于一体，配备 30 个预设自动程序。","嵌入式磨豆咖啡机，集咖啡、蒸汽、热水三大主要功能于一体，配备30个预设自动程序。"
"30 个预设自动程序","30个预设自动程序"
"LED 照明","LED照明"
"包裹式制冷系统（Coldwrap）—— 使食材各表面均处于均匀的干冷气流中","包裹式制冷系统（Coldwrap）——使食材各表面均处于均匀的干冷气流中"
"变频压缩机（Inverter）—— 摩擦更小、能耗更低、运行更静音、更耐用","变频压缩机（Inverter）——摩擦更小、能耗更低、运行更静音、更耐用"
"保鲜盒 —— 接近 0°C，可通过触控面板选择最佳储存温度","保鲜盒——接近0°C，可通过触控面板选择最佳储存温度"
"VitaCare Box 保鲜盒 —— 使果蔬持久保鲜","VitaCare Box保鲜盒——使果蔬持久保鲜"
"TempGuard 雷达测温系统 —— 随温度变化自动调节","TempGuard雷达测温系统——随温度变化自动调节"
"单柄单孔高抛抽拉式厨房龙头。","单柄单孔高抛抽拉式厨房龙头"
"G1/2″ 不锈钢编织软管","G1/2"" 不锈钢编织软管"
"镀铬 / 白 / 黑 / 粉 / 金","镀铬/白/黑/粉/金"
"ARK 939 单柄单孔高抛下拉式厨房龙头，配备防垢起泡器、可旋转龙头及下拉式花洒，提供标准柱状出水与喷射两种出水模式。","ARK 939 单柄单孔高抛下拉式厨房龙头，配备防垢起泡器、可旋转龙头及下拉式花洒，提供标准柱状出水与喷射两种出水模式"
"3/8″ 软管（可连接 1/2″ 进水管，请联系销售人员）","3/8"" 软管（可连接 1/2"" 进水管，请联系销售人员）"
"下拉式花洒，2 种出水模式：标准柱状与喷射","下拉式花洒，2种出水模式：标准柱状与喷射"
"Teka 花岗岩水槽不断推陈出新，以创新设计、卓越品质与精湛工艺，为厨师打造完美的厨房操作空间。","Teka 花岗岩水槽不断推陈出新，以创新设计、卓越品质与精湛工艺，为厨师打造完美的厨房操作空间"
"3½″ 台面控制下水篮","3½"" 台面控制下水篮"
"梦思佳 高抛 MC 10 Plus (单柄单孔高抛厨房龙头)","梦思佳高抛 MC 10 Plus（单柄单孔高抛厨房龙头）"
"梦思佳 MC 10 Plus 单柄单孔高抛厨房龙头，采用三层电镀镀铬抛光表面，配备防垢起泡器、控温陶瓷阀芯及可旋转铸造龙头。","梦思佳 MC 10 Plus 单柄单孔高抛厨房龙头，采用三层电镀镀铬抛光表面，配备防垢起泡器、控温陶瓷阀芯及可旋转铸造龙头"
"G1/2″ 内置不锈钢编织软管","G1/2"" 内置不锈钢编织软管"
"Stone 90 B-GT 2B(Carbon) 台上安装花岗岩双槽水槽","Stone 90 B-GT 2B（Carbon）台上安装花岗岩双槽水槽"
"Teka 花岗岩水槽以创新设计、卓越品质与精湛工艺打造完美的厨房操作空间。采用优质石英制成，将 80% 石英与亚克力树脂相结合，形成坚固材质","Teka 花岗岩水槽以创新设计、卓越品质与精湛工艺打造完美的厨房操作空间。采用优质石英制成，将80%石英与亚克力树脂相结合，形成坚固材质"
"双等槽设计","双槽设计"
"推开式暖碟机，配备可直线伸缩的防滑滑轨、电源指示灯，可容纳 6 套餐具，建议与紧凑式烤箱及咖啡机搭配使用。","推开式暖碟机，配备可直线伸缩的防滑滑轨、电源指示灯，可容纳6套餐具，建议与紧凑式烤箱及咖啡机搭配使用。"
"可容纳 6 套餐具","可容纳6套餐具"
"G3/8″ 不锈钢编织软管","G3/8英寸不锈钢编织软管"
"三层电镀（镀铬 + 黑）","三层电镀（镀铬+黑）"
"三层电镀，表面处理：镀铬 + 黑色","三层电镀，表面处理：镀铬+黑色"
"曳引机：东芝自 1895 年起生产电机，采用小型化永磁同步电机 PMSM，节省空间、节能、低噪音，配备双回路抱闸制动系统","曳引机：东芝自1895年起生产电机，采用小型化永磁同步电机PMSM，节省空间、节能、低噪音，配备双回路抱闸制动系统"
"逾 150 年的日本技术传承（始于 1875 年）。日本首台冰箱 + 洗衣机 + 微波炉的鼻祖。2016 年美的接管后研发仍设于东京 —— 确保日本品质与核心技术。","逾150年的日本技术传承（始于1875年）。日本首台冰箱+洗衣机+微波炉的鼻祖。2016年美的接管后研发仍设于东京——确保日本品质与核心技术。"
"东芝公司成立于 1875 年 —— 逾 150 年日本技术历史","东芝公司成立于1875年——逾150年日本技术历史"
"家电业务自 2016 年起由美的集团运营（持股 80.1%）","家电业务自2016年起由美的集团运营（持股80.1%）"
"研发保留于东京实验室 —— 日本技术与品质标准","研发保留于东京实验室——日本技术与品质标准"
"通过美的全球工厂体系 + 供应链进行大规模生产","通过美的全球工厂体系+供应链进行大规模生产"
"用软布 + 温水 + pH 中性温和清洁剂擦拭。切勿直接向控制面板或电源插口喷水。","用软布+温水+pH中性温和清洁剂擦拭。切勿直接向控制面板或电源插口喷水。"
"每 3 个月一次：清洁滤网（空调、洗衣机、净水器、吸尘器）。东芝设计了便于拆装的机制。","每3个月一次：清洁滤网（空调、洗衣机、净水器、吸尘器）。东芝设计了便于拆装的机制。"
"每 12 个月：致电东芝售后中心（toshiba-lifestyle.com/vn/support）检查空调制冷剂、清洁内腔、校准传感器。质保期内免费。","每12个月：致电东芝售后中心（toshiba-lifestyle.com/vn/support）检查空调制冷剂、清洁内腔、校准传感器。质保期内免费。"
"使用东芝原厂配件与部件以保持性能 + 质保。请联系服务中心或华越订购。","使用东芝原厂配件与部件以保持性能+质保。请联系服务中心或华越订购。"
"冰箱 + 空调安装后请等待 24 小时再通电（待制冷剂稳定）","冰箱+空调安装后请等待24小时再通电（待制冷剂稳定）"
"请保留发票 + 质保卡以享受原厂质保政策","请保留发票+质保卡以享受原厂质保政策"
"正宗日本品牌 —— 东芝公司（始于 1875 年）","正宗日本品牌——东芝公司（始于1875年）"
"在越南由 Toshiba Lifestyle 正品分销","在越南由Toshiba Lifestyle正品分销"
"日本品质标准 —— 东京研发","日本品质标准——东京研发"
"纸箱 + 泡沫 + 防撞打包带","纸箱+泡沫+防撞打包带"
"源自 1875 年的日本技术","源自1875年的日本技术"
"逾 150 年传承。东京研发。日本首台冰箱 + 洗衣机 + 微波炉的鼻祖。","逾150年传承。东京研发。日本首台冰箱+洗衣机+微波炉的鼻祖。"
"自 2016 年起，美的的生产实力 + 供应链使价格更具优势，同时保持日本品质。","自2016年起，美的的生产实力+供应链使价格更具优势，同时保持日本品质。"
"保鲜技术 + 变频","保鲜技术+变频"
"NaturePURE、PureBIO 除味杀菌；变频节能；日式精湛工艺。","NaturePURE、PureBIO除味杀菌；变频节能；日式精湛工艺。"
"通过 Toshiba Lifestyle 正品分销 + 华越 DDP 质保。原厂配件齐全。","通过Toshiba Lifestyle正品分销+华越DDP质保。原厂配件齐全。"
"通过 Toshiba Lifestyle 越南体系全国正品分销","通过Toshiba Lifestyle越南体系全国正品分销"
"适合需要日系高端品牌的公寓 + 酒店 + 联排住宅项目","适合需要日系高端品牌的公寓+酒店+联排住宅项目"
"华越为大批量项目提供 DDP 进口 + 安装解决方案","华越为大批量项目提供DDP进口+安装解决方案"
"是。美的于 2016 年收购家电业务 80.1% 股权，但东芝保留品牌、东京研发、核心技术与日本品质标准。美的负责大规模生产 + 供应链 → 价格更具优势而品质仍是日本水准。","是。美的于2016年收购家电业务80.1%股权，但东芝保留品牌、东京研发、核心技术与日本品质标准。美的负责大规模生产+供应链→价格更具优势而品质仍是日本水准。"
"通过 Toshiba Lifestyle 正品分销，设有全国售后中心（toshiba-lifestyle.com/vn/support）。华越 + 服务中心联合上门质保。每款产品详情页均有来源链接，可查询官方参数。","通过Toshiba Lifestyle正品分销，设有全国售后中心（toshiba-lifestyle.com/vn/support）。华越+服务中心联合上门质保。每款产品详情页均有来源链接，可查询官方参数。"
"是否提供送货 + 上门安装 + 越南 DDP 报价？","是否提供送货+上门安装+越南DDP报价？"
"是。华越一站式服务：正规进口 → 河内/胡志明/岘港仓库 → 上门送货 + 安装。无论单件还是整柜项目，均在 24 小时内提供 DDP 报价（含税 + 运费）。","是。华越一站式服务：正规进口→河内/胡志明/岘港仓库→上门送货+安装。无论单件还是整柜项目，均在24小时内提供DDP报价（含税+运费）。"
"起订量 + 交货周期？","起订量+交货周期？"
"起订量：1 个 20ft 集装箱（可混装 SKU）。现货：7-10 个工作日。按项目排产：30-45 天。大型项目订单可享优先交期。","起订量：1个20ft集装箱（可混装SKU）。现货：7-10个工作日。按项目排产：30-45天。大型项目订单可享优先交期。"
"所有产品名称 + 描述 + 参数 + 图片均直接取自 Toshiba Lifestyle 越南官网（每个详情页均有「来源」链接）。不修改、不杜撰。","所有产品名称+描述+参数+图片均直接取自Toshiba Lifestyle越南官网（每个详情页均有「来源」链接）。不修改、不杜撰。"
"东芝空调 RAS-H13T4KCVRG-V 采用自上而下的送风设计，制冷均匀覆盖全屋，避免冷风直吹人体。既呵护肌肤，又带来舒适体感。","东芝空调RAS-H13T4KCVRG-V采用自上而下的送风设计，制冷均匀覆盖全屋，避免冷风直吹人体。既呵护肌肤，又带来舒适体感。"
"东芝空调RAS-H18T4KCVRG-V","东芝空调 RAS-H18T4KCVRG-V"
"东芝空调 RAS-H18T4KCVRG-V 采用自上而下的送风设计，制冷均匀覆盖全屋，避免冷风直吹人体。既呵护肌肤，又带来舒适体感。","东芝空调 RAS-H18T4KCVRG-V 采用自上而下的送风设计，制冷均匀覆盖全屋，避免冷风直吹人体，既呵护肌肤，又带来舒适体感。"
"东芝空调RAS-H13E2KCVG-V","东芝空调 RAS-H13E2KCVG-V"
"东芝空调 RAS-H13E2KCVG-V 以一体化设计和精致细腻的线条令人印象深刻。这是 2021 年的全新潮流，为室内空间增添前所未有的亮点。","东芝空调 RAS-H13E2KCVG-V 以一体化设计和精致细腻的线条令人印象深刻，是2021年的全新潮流，为室内空间增添前所未有的亮点。"
"东芝空调RAS-H13S4KCV2G-V","东芝空调 RAS-H13S4KCV2G-V"
"东芝空调RAS-H18E2KCVG-V","东芝空调 RAS-H18E2KCVG-V"
"东芝空调 RAS-H18E2KCVG-V 是炎炎夏日里每个家庭不可或缺的产品。简约而不失现代的设计，让东芝空调 RAS-H18E2KCVG 成为理想之选。","东芝空调 RAS-H18E2KCVG-V 是炎炎夏日里每个家庭不可或缺的产品，简约而不失现代的设计，让东芝空调 RAS-H18E2KCVG 成为理想之选。"
"东芝 700L+ 冰箱 GR-RF895WIA-PGV(22) 以高达 700L 的超大容量著称，搭配 OriginPURE+ 三重技术，杀菌率达 99.99%，净化能力提升 3 倍，并制取高纯净级冰块……","东芝 700L+ 冰箱 GR-RF895WIA-PGV(22) 以高达700L的超大容量著称，搭配 OriginPURE+ 三重技术，杀菌率达99.99%，净化能力提升3倍，并制取高纯净级冰块……"
"东芝 700L+ 冰箱 GR-RF900WI-PMV(06) 以高达 700L 的超大容量著称，搭配 OriginPURE+ 双重技术，杀菌率达 99.99%，净化能力提升 3 倍，带来极致体验。","东芝 700L+ 冰箱 GR-RF900WI-PMV(06) 以高达700L的超大容量著称，搭配 OriginPURE+ 双重技术，杀菌率达99.99%，净化能力提升3倍，带来极致体验。"
"东芝 700L+ 冰箱 GR-RS905WIA-PGV(22) 以高达 700L 的超大容量著称，搭配 OriginPURE+ 三重技术，杀菌率达 99.99%，净化能力提升 3 倍，并制取高纯净级冰块……","东芝 700L+ 冰箱 GR-RS905WIA-PGV(22) 以高达700L的超大容量著称，搭配 OriginPURE+ 三重技术，杀菌率达99.99%，净化能力提升3倍，并制取高纯净级冰块……"
"东芝 NaturePURE 冰箱182L GR-RT236WE-PMV(68)","东芝 NaturePURE 冰箱 182L GR-RT236WE-PMV(68)"
"东芝 NaturePURE 冰箱207L GR-RT268WE-PMV(68)","东芝 NaturePURE 冰箱 207L GR-RT268WE-PMV(68)"
"东芝 NaturePURE 冰箱240L GR-RT310WE-PMV(68)","东芝 NaturePURE 冰箱 240L GR-RT310WE-PMV(68)"
"东芝 NaturePURE 冰箱271L GR-RT349WE-PMV(68)","东芝 NaturePURE 冰箱 271L GR-RT349WE-PMV(68)"
"东芝 JAPANDi KUMO 嵌入式冰箱520L GR-RF680WI-PGV(D4)","东芝 JAPANDi KUMO 嵌入式冰箱 520L GR-RF680WI-PGV(D4)"
"东芝 JAPANDi Kumo 嵌入式冰箱 GR-RF680WI-PGV(D4) 设计灵感源自 Pantone 2026 流行色（Cloud dancer）。配备 2 套蒸发器与 2 个独立风扇，GR-RF680WI-PGV(D4) 表现出众……","东芝 JAPANDi Kumo 嵌入式冰箱 GR-RF680WI-PGV(D4) 设计灵感源自 Pantone 2026 流行色（Cloud dancer）。配备2套蒸发器与2个独立风扇，GR-RF680WI-PGV(D4) 表现出众……"
"东芝 JAPANDi KUMO 嵌入式冰箱521L GR-RF681WI-PGV(D4)","东芝 JAPANDi KUMO 嵌入式冰箱 521L GR-RF681WI-PGV(D4)"
"东芝 JAPANDi Kumo 嵌入式冰箱 GR-RF681WI-PGV(D4) 设计灵感源自 Pantone 2026 流行色（Cloud dancer）。配备 2 套蒸发器与 2 个独立风扇，GR-RF681WI-PGV(D4) 表现出众……","东芝 JAPANDi Kumo 嵌入式冰箱 GR-RF681WI-PGV(D4) 设计灵感源自 Pantone 2026 流行色（Cloud dancer）。配备2套蒸发器与2个独立风扇，GR-RF681WI-PGV(D4) 表现出众……"
"东芝冰箱GR-RB405WEA-PMV(06)-MG","东芝冰箱 GR-RB405WEA-PMV(06)-MG"
"东芝冰箱GR-RB410WE-PMV(37)-SG","东芝冰箱 GR-RB410WE-PMV(37)-SG"
"东芝冰箱GR-RC185CM-PMV(01)","东芝冰箱 GR-RC185CM-PMV(01)"
"东芝冷柜 GR-RC185CM 不仅凭借铜管与变频压缩机的先进技术而出众，更具备卓越的制冷能力与超强节能。断电后仍可维持低温长达 100 小时……","东芝冷柜 GR-RC185CM 不仅凭借铜管与变频压缩机的先进技术而出众，更具备卓越的制冷能力与超强节能。断电后仍可维持低温长达100小时……"
"东芝冰箱GR-RC265CM-PMV(01)","东芝冰箱 GR-RC265CM-PMV(01)"
"东芝冷柜 GR-RC265CM 不仅凭借铜管与变频压缩机的先进技术而出众，更具备卓越的制冷能力与超强节能。断电后仍可维持低温长达 100 小时……","东芝冷柜 GR-RC265CM 不仅凭借铜管与变频压缩机的先进技术而出众，更具备卓越的制冷能力与超强节能。断电后仍可维持低温长达100小时……"
"东芝冰箱GR-RC390CM-PMV(01)","东芝冰箱 GR-RC390CM-PMV(01)"
"东芝冷柜 GR-RC390CM 不仅凭借铜管与变频压缩机的先进技术而出众，更具备卓越的制冷能力与超强节能。断电后仍可维持低温长达 100 小时……","东芝冷柜 GR-RC390CM 不仅凭借铜管与变频压缩机的先进技术而出众，更具备卓越的制冷能力与超强节能。断电后仍可维持低温长达100小时……"
"东芝冰箱GR-RC470CM-PMV(01)","东芝冰箱 GR-RC470CM-PMV(01)"
"东芝冷柜 GR-RC470CM 不仅凭借铜管与变频压缩机的先进技术而出众，更具备卓越的制冷能力与超强节能。断电后仍可维持低温长达 100 小时……","东芝冷柜 GR-RC470CM 不仅凭借铜管与变频压缩机的先进技术而出众，更具备卓越的制冷能力与超强节能。断电后仍可维持低温长达100小时……"
"东芝冰箱GR-RS696WI-PMV(60)-AG","东芝冰箱 GR-RS696WI-PMV(60)-AG"
"东芝冰箱GR-RS910WI-PMV(06)-MG","东芝冰箱 GR-RS910WI-PMV(06)-MG"
"东芝冰箱GR-RT303WE-PMV(52)","东芝冰箱 GR-RT303WE-PMV(52)"
"冰箱 GR-RT303WE-PMV(52) 的设计灵感源自日本武士刀造型拉手。配合先进技术，完整保留食材的新鲜风味与珍贵营养。","冰箱 GR-RT303WE-PMV(52) 的设计灵感源自日本武士刀造型拉手，配合先进技术，完整保留食材的新鲜风味与珍贵营养。"
"Pure BIO 卓越除味杀菌 Origin INVERTER 节能技术 Multi Air Flow 多维制冷系统","Pure BIO 卓越除味杀菌，Origin INVERTER 节能技术，Multi Air Flow 多维制冷系统"
"东芝变频智能冰箱GR-RS600WI-PMV(37)-SG","东芝变频智能冰箱 GR-RS600WI-PMV(37)-SG"
"东芝变频智能冰箱GR-RS775WI-PMV(06)-MG","东芝变频智能冰箱 GR-RS775WI-PMV(06)-MG"
"东芝滚筒洗衣机TW-T25BZP140MWV(MG)","东芝滚筒洗衣机 TW-T25BZP140MWV(MG)"
"东芝滚筒洗衣机TW-T33B130UWV(MK)","东芝滚筒洗衣机 TW-T33B130UWV(MK)"
"东芝滚筒洗衣机TW-T33B140UWV(MK)","东芝滚筒洗衣机 TW-T33B140UWV(MK)"
"东芝洗衣机AW-T06D1600LV(MK)","东芝洗衣机 AW-T06D1600LV(MK)"
"东芝洗衣机AW-T08DU1600LV(MK)","东芝洗衣机 AW-T08DU1600LV(MK)"
"东芝洗衣机AW-T08DUH1800MV(MG)","东芝洗衣机 AW-T08DUH1800MV(MG)"
"东芝洗衣机AW-T26D1300TV(MG)","东芝洗衣机 AW-T26D1300TV(MG)"
"东芝洗衣机AW-T26D1400TV(MG)","东芝洗衣机 AW-T26D1400TV(MG)"
"东芝洗衣机AW-T26D1600XV(MG)","东芝洗衣机 AW-T26D1600XV(MG)"
"东芝滚筒洗衣机TW-T25BU115MWV(MG)","东芝滚筒洗衣机 TW-T25BU115MWV(MG)"
"东芝滚筒洗衣机TW-T25BZU115MWV(MG)","东芝滚筒洗衣机 TW-T25BZU115MWV(MG)"
"东芝洗烘一体机TWD-T25BZP140MWV(MG)","东芝洗烘一体机 TWD-T25BZP140MWV(MG)"
"东芝洗烘一体机TWD-T35BP160MWV(MG)","东芝洗烘一体机 TWD-T35BP160MWV(MG)"
"东芝洗烘一体机TWD-T21BU115UWV(MG)","东芝洗烘一体机 TWD-T21BU115UWV(MG)"
"东芝洗烘一体机TWD-T25BZU115MWV(MG)","东芝洗烘一体机 TWD-T25BZU115MWV(MG)"
"东芝热泵干衣机TD-BP110GHV(MG)","东芝热泵干衣机 TD-BP110GHV(MG)"
"东芝热泵干衣机TD-T21B90HWV(MG)","东芝热泵干衣机 TD-T21B90HWV(MG)"
"东芝热泵干衣机TD-T37BS90HWV(WT)","东芝热泵干衣机 TD-T37BS90HWV(WT)"
"高效烘干，呵护衣物，节能省电 采用压缩机加热气流，以适中温度烘干，呵护衣物，最大限度节能省电。","高效烘干，呵护衣物，节能省电。采用压缩机加热气流，以适中温度烘干，呵护衣物，最大限度节能省电。"
"镜面微波炉 - MW3-EG26PE(BK)VN","镜面微波炉 MW3-EG26PE(BK)VN"
"东芝镜面微波炉MW3-AC27PE(BM)VN","东芝镜面微波炉 MW3-AC27PE(BM)VN"
"东芝镜面微波炉MW3-EM26PE(BM)VN","东芝镜面微波炉 MW3-EM26PE(BM)VN"
"东芝电脑式电饭煲RC-18DR5UVN(H)","东芝电脑式电饭煲 RC-18DR5UVN(H)"
"东芝电脑式电饭煲RC-18DR5UVN(W)","东芝电脑式电饭煲 RC-18DR5UVN(W)"
"东芝 Originclean™ 洗碗机DW-15F7(G)-VN","东芝 Originclean™ 洗碗机 DW-15F7(G)-VN"
"东芝 Originclean™ 洗碗机DW-15F8(B)-VN","东芝 Originclean™ 洗碗机 DW-15F8(B)-VN"
"东芝 Originclean™ 洗碗机DW-15F9(B)-VN","东芝 Originclean™ 洗碗机 DW-15F9(B)-VN"
"东芝制冰净水器TWP-IW2469SVN(K)","东芝制冰净水器 TWP-IW2469SVN(K)"
"东芝制冰净水器TWP-IW2469SVN(W)","东芝制冰净水器 TWP-IW2469SVN(W)"
"东芝电风扇F-LSA10(H)VN","东芝电风扇 F-LSA10(H)VN"
"东芝电风扇F-LSA20VN","东芝电风扇 F-LSA20VN"
"东芝电风扇F-LSD10VN","东芝电风扇 F-LSD10VN"
"东芝电风扇F-WSA20(H)VN","东芝电风扇 F-WSA20(H)VN"
"东芝吸尘器VC-BL160F(K)","东芝吸尘器 VC-BL160F(K)"
"东芝吸尘器VC-BL160F(R)","东芝吸尘器 VC-BL160F(R)"
"TTLock 智能执手锁（Handle）—— 执手一体设计，支持指纹 / 密码 / 刷卡 / App 开锁，适用于房门与入户门。","TTLock 智能执手锁（Handle）—— 执手一体设计，支持指纹/密码/刷卡/App开锁，适用于房门与入户门。"
"TTLock 智能锁芯（Euro Cylinder）—— 将普通门锁锁芯升级为智能锁芯，支持 App / 密码 / 钥匙开锁，无需更换整套锁具。","TTLock 智能锁芯（Euro Cylinder）—— 将普通门锁锁芯升级为智能锁芯，支持App/密码/钥匙开锁，无需更换整套锁具。"
"TTLock 智能挂锁（Padlock）—— 支持指纹 / App 开锁，防水耐用，适用于门禁、柜体、仓库、车辆。","TTLock 智能挂锁（Padlock）—— 支持指纹/App开锁，防水耐用，适用于门禁、柜体、仓库、车辆。"
"指纹 / App 蓝牙","指纹/App蓝牙"
"适用于门禁、柜体、仓库、车辆 —— 无需钥匙即可开锁。","适用于门禁、柜体、仓库、车辆——无需钥匙即可开锁。"
"TTLock 户外锁 / 门禁锁 —— 耐候性强，支持 App / 密码开锁，适用于大门、庭院及户外区域。","TTLock 户外锁/门禁锁——耐候性强，支持App/密码开锁，适用于大门、庭院及户外区域。"
"户外锁 / 门禁","户外锁/门禁"
"TTLock 电机锁 —— 适用于玻璃门 / 铝合金门的电子锁，集成电机实现自动开关，可通过 App 控制。","TTLock 电机锁——适用于玻璃门/铝合金门的电子锁，集成电机实现自动开关，可通过App控制。"
"电机锁（玻璃门 / 铝合金门）","电机锁（玻璃门/铝合金门）"
"TTLock 网关 / 配件 —— 蓝牙门锁的 WiFi 桥接器，实现远程控制与下发密码，扩展智能门锁系统。","TTLock 网关/配件——蓝牙门锁的WiFi桥接器，实现远程控制与下发密码，扩展智能门锁系统。"
"网关是 TTLock 系统的远程连接中枢。","网关是TTLock系统的远程连接中枢。"
"WiFi 网关 / 配件","WiFi网关/配件"
"TTLock 门锁","TTLock门锁"
"TTLOCK BOSS ( BLACK ) — TTLock 智能锁：多种开锁方式，配备网关后可通过 App 远程管理与下发密码。","TTLOCK BOSS (BLACK) — TTLock智能锁：多种开锁方式，配备网关后可通过App远程管理与下发密码。"
"指纹 / 密码 / 刷卡 / App / 机械钥匙（视型号而定）","指纹/密码/刷卡/App/机械钥匙（视型号而定）"
"TTLock / Sciener 赛脑智能","TTLock / Sciener赛脑智能"
"TTLOCK BOSS ( RED/BLACK ) — TTLock 智能锁：多种开锁方式，配备网关后可通过 App 远程管理与下发密码。","TTLOCK BOSS (RED/BLACK) — TTLock智能锁：多种开锁方式，配备网关后可通过App远程管理与下发密码。"
"TTLOCK BOSS ( WHITE ) — TTLock 智能锁：多种开锁方式，配备网关后可通过 App 远程管理与下发密码。","TTLOCK BOSS (WHITE) — TTLock智能锁：多种开锁方式，配备网关后可通过App远程管理与下发密码。"
"TTLOCK CARD ENCODER E-3 — TTLock 智能锁：多种开锁方式，配备网关后可通过 App 远程管理与下发密码。","TTLOCK CARD ENCODER E-3 — TTLock智能锁：多种开锁方式，配备网关后可通过App远程管理与下发密码。"
"TTLOCK DOOR BELL DB-2 — TTLock 智能锁：多种开锁方式，配备网关后可通过 App 远程管理与下发密码。","TTLOCK DOOR BELL DB-2 — TTLock智能锁：多种开锁方式，配备网关后可通过App远程管理与下发密码。"
"TTLOCK DOOR SENSOR — TTLock 智能锁：多种开锁方式，配备网关后可通过 App 远程管理与下发密码。","TTLOCK DOOR SENSOR — TTLock智能锁：多种开锁方式，配备网关后可通过App远程管理与下发密码。"
"TTLOCK ENTR - keypad electronic lock — TTLock 智能锁：多种开锁方式，配备网关后可通过 App 远程管理与下发密码。","TTLOCK ENTR - keypad electronic lock — TTLock智能锁：多种开锁方式，配备网关后可通过App远程管理与下发密码。"
"TTLOCK FORTRESS ( SIZE 35+35 ) — TTLock 智能锁：多种开锁方式，配备网关后可通过 App 远程管理与下发密码。","TTLOCK FORTRESS (SIZE 35+35) — TTLock智能锁：多种开锁方式，配备网关后可通过App远程管理与下发密码。"
"TTLOCK G6 MATTER — TTLock 智能锁：多种开锁方式，配备网关后可通过 App 远程管理与下发密码。","TTLOCK G6 MATTER — TTLock智能锁：多种开锁方式，配备网关后可通过App远程管理与下发密码。"
"TTLOCK KEY-BOX K-7 — TTLock 智能锁：多种开锁方式，配备网关后可通过 App 远程管理与下发密码。","TTLOCK KEY-BOX K-7 — TTLock智能锁：多种开锁方式，配备网关后可通过App远程管理与下发密码。"
"TTLOCK KEY-BOX LITE — TTLock 智能锁：多种开锁方式，配备网关后可通过 App 远程管理与下发密码。","TTLOCK KEY-BOX LITE — TTLock智能锁：多种开锁方式，配备网关后可通过App远程管理与下发密码。"
"TTLOCK KEY-BOX PRO — TTLock 智能锁：多种开锁方式，配备网关后可通过 App 远程管理与下发密码。","TTLOCK KEY-BOX PRO — TTLock智能锁：多种开锁方式，配备网关后可通过App远程管理与下发密码。"
"TTLOCK MYSTIC 10D ( BLACK ) — TTLock 智能锁：多种开锁方式，配备网关后可通过 App 远程管理与下发密码。","TTLOCK MYSTIC 10D (BLACK) — TTLock智能锁：多种开锁方式，配备网关后可通过App远程管理与下发密码。"
"TTLOCK MYSTIC 10D ( SILVER ) — TTLock 智能锁：多种开锁方式，配备网关后可通过 App 远程管理与下发密码。","TTLOCK MYSTIC 10D (SILVER) — TTLock智能锁：多种开锁方式，配备网关后可通过App远程管理与下发密码。"
"TTLOCK MYSTIC FP ( BLACK ) ( SIZE 30+30 ) — TTLock 智能锁：多种开锁方式，配备网关后可通过 App 远程管理与下发密码。","TTLOCK MYSTIC FP (BLACK) (SIZE 30+30) — TTLock智能锁：多种开锁方式，配备网关后可通过App远程管理与下发密码。"
"TTLOCK MYSTIC FP ( SILVER ) ( SIZE 30+30 ) — TTLock 智能锁：多种开锁方式，配备网关后可通过 App 远程管理与下发密码。","TTLOCK MYSTIC FP (SILVER) (SIZE 30+30) — TTLock智能锁：多种开锁方式，配备网关后可通过App远程管理与下发密码。"
"TTLOCK MYSTIC LITE ( BLACK ) ( SIZE 30+30 ) — TTLock 智能锁：多种开锁方式，配备网关后可通过 App 远程管理与下发密码。","TTLOCK MYSTIC LITE (BLACK) (SIZE 30+30) — TTLock智能锁：多种开锁方式，配备网关后可通过App远程管理与下发密码。"
"TTLOCK MYSTIC LITE ( SILVER ) ( SIZE 30+30 ) — TTLock 智能锁：多种开锁方式，配备网关后可通过 App 远程管理与下发密码。","TTLOCK MYSTIC LITE (SILVER) (SIZE 30+30) — TTLock智能锁：多种开锁方式，配备网关后可通过App远程管理与下发密码。"
"TTLOCK MYSTIC PRO ( SIZE 40+40 ) — TTLock 智能锁：多种开锁方式，配备网关后可通过 App 远程管理与下发密码。","TTLOCK MYSTIC PRO (SIZE 40+40) — TTLock智能锁：多种开锁方式，配备网关后可通过App远程管理与下发密码。"
"TTLOCK MYSTIC V1 ( 60-90mm ) — TTLock 智能锁：多种开锁方式，配备网关后可通过 App 远程管理与下发密码。","TTLOCK MYSTIC V1 (60-90mm) — TTLock 智能锁：多种开锁方式，配备网关后可通过 App 远程管理与下发密码。"
"TTLOCK MYSTIC V1 ( 90-120mm ) — TTLock 智能锁：多种开锁方式，配备网关后可通过 App 远程管理与下发密码。","TTLOCK MYSTIC V1 (90-120mm) — TTLock 智能锁：多种开锁方式，配备网关后可通过 App 远程管理与下发密码。"
"TTLOCK RENTY ( BLACK ) — TTLock 智能锁：多种开锁方式，配备网关后可通过 App 远程管理与下发密码。","TTLOCK RENTY (BLACK) — TTLock 智能锁：多种开锁方式，配备网关后可通过 App 远程管理与下发密码。"
"TTLOCK RENTY ( WHITE ) — TTLock 智能锁：多种开锁方式，配备网关后可通过 App 远程管理与下发密码。","TTLOCK RENTY (WHITE) — TTLock 智能锁：多种开锁方式，配备网关后可通过 App 远程管理与下发密码。"
"TTLOCK SMART HOTEL CYLINDER ( SIZE 35+35 ) — TTLock 智能锁：多种开锁方式，配备网关后可通过 App 远程管理与下发密码。","TTLOCK SMART HOTEL CYLINDER (SIZE 35+35) — TTLock 智能锁：多种开锁方式，配备网关后可通过 App 远程管理与下发密码。"
"网关 / 配件","网关/配件"
"TTLOCK RENTY WIFI ( BLACK ) — TTLock 智能锁：多种开锁方式，配备网关后可通过 App 远程管理与下发密码。","TTLOCK RENTY WIFI (BLACK) — TTLock 智能锁：多种开锁方式，配备网关后可通过 App 远程管理与下发密码。"
"绿色产品认证，低 VOC 含量","绿色产品认证，低VOC含量"
"北京东方雨虹 东方雨虹（SZSE 002271）—— 中国最大的防水材料制造商，成立于 1995 年","北京东方雨虹 东方雨虹（SZSE 002271）—— 中国最大的防水材料制造商，成立于1995年"
"卷宽 1m，长 10–20m/卷；托盘缠膜","卷宽1m，长10–20m/卷；托盘缠膜"
"涂料/coating","涂料"
"雨虹材料有进口用的 GB 标准吗？","雨虹材料有进口用的GB标准吗？"
"有。提供适用标准（GB）+ 检测报告；华越供应链协助进口单证。","有。提供适用标准（GB）+检测报告；华越供应链协助进口单证。"
"TPO / HDPE / PE 高分子","TPO/HDPE/PE高分子"
"热焊接 / 基层自粘","热焊接/基层自粘"
"耐化学","耐化学腐蚀"
"雨虹 SBS/APP 改性沥青卷材（太空堡 TKB、PMB、ARC 系列）—— 高弹性、耐高低温、热熔施工，用于屋面、地下室、承重项目。","雨虹 SBS/APP 改性沥青卷材（太空堡 TKB、PMB、ARC 系列）——高弹性、耐高低温、热熔施工，用于屋面、地下室、承重项目。"
"SBS / APP 改性沥青，聚酯/玻纤增强","SBS/APP 改性沥青，聚酯/玻纤增强"
"热熔（torch-on）","热熔施工"
"雨虹自粘卷材（TKB 2xx/3xx/4xx、SAM）—— 撕膜冷粘、无需明火、施工安全，可冷粘/湿铺，用于地下室、卫生间、屋面。","雨虹自粘卷材（TKB 2xx/3xx/4xx、SAM）——撕膜冷粘、无需明火、施工安全，可冷粘/湿铺，用于地下室、卫生间、屋面。"
"撕膜冷粘 / 湿铺（wet-lay）","撕膜冷粘/湿铺"
"雨虹聚氨酯（PU）防水涂料（SPU、GES）—— 无缝高弹涂膜、附着力好，用于屋面、露台、卫生间、复杂结构。","雨虹聚氨酯（PU）防水涂料（SPU、GES）——无缝高弹涂膜、附着力好，用于屋面、露台、卫生间、复杂结构。"
"单组分 / 双组分聚氨酯","单组分/双组分聚氨酯"
"雨虹水性防水涂料（JS/JSA 聚合物水泥、HCA 丙烯酸、VPC）—— 环保、可潮湿基面施工，用于卫生间、水池、外墙。","雨虹水性防水涂料（JS/JSA 聚合物水泥、HCA 丙烯酸、VPC）——环保、可潮湿基面施工，用于卫生间、水池、外墙。"
"聚合物水泥（JS/JSA）/ 丙烯酸（HCA）/ 透汽（VPC）","聚合物水泥（JS/JSA）/丙烯酸（HCA）/透汽（VPC）"
"雨虹沥青基防水涂料（PBC 非固化、BBC、BCW）—— 附着力极强、自愈破损，用于地下室、道桥、埋地项目。","雨虹沥青基防水涂料（PBC 非固化、BBC、BCW）——附着力极强、自愈破损，用于地下室、道桥、埋地项目。"
"非固化橡胶沥青（PBC）/ 水性（BCW）","非固化橡胶沥青（PBC）/水性（BCW）"
"雨虹刚性防水（PCC 水泥渗透结晶型）—— 深入渗透混凝土，生成结晶封堵毛细孔，从内部防水，用于水池、地下室、水库。","雨虹刚性防水（PCC 水泥渗透结晶型）——深入渗透混凝土，生成结晶封堵毛细孔，从内部防水，用于水池、地下室、水库。"
"水泥渗透结晶型（crystalline）","水泥渗透结晶型"
"太空堡SBS改性沥青防水卷材","太空堡 SBS 改性沥青防水卷材"
"厚度 / Thickness","厚度"
"卷材幅宽 / Width","卷材幅宽"
"卷材长度 / Length","卷材长度"
"适用标准 / Standard","适用标准"
"材料 / Material","材料"
"适用范围 / Application","适用范围"
"夏季施工更「凉爽」，可降低表面温度 20℃ 以上，避免高温粘连","夏季施工更凉爽，可降低表面温度 20℃ 以上，避免高温粘连"
"SAM-920 无胎自粘聚合物改性沥青防水卷材，是以无胎聚合物改性沥青为基料的自粘防水卷材。","SAM-920 无胎自粘聚合物改性沥青防水卷材，是以无胎聚合物改性沥青为基料的自粘防水卷材"
"各类工程的非外露面、地下及室内防水工程，以及明挖地铁、隧道、水池、水渠等工程。","各类工程的非外露面、地下及室内防水工程，以及明挖地铁、隧道、水池、水渠等工程"
"适用于各类工程的非外露面、地下及室内防水工程，以及明挖地铁、隧道、水池等工程。","适用于各类工程的非外露面、地下及室内防水工程，以及明挖地铁、隧道、水池等工程"
"自愈性强：「自愈」功能好，可防止窜水现象","自愈性强：自愈功能好，可防止窜水现象"
"SAM924 —— 纤维增强型高分子膜基自粘沥青防水卷材","SAM-924 —— 纤维增强型高分子膜基自粘沥青防水卷材"
"SAM924 纤维增强型高分子膜基自粘沥青防水卷材，采用高分子膜、纤维增强层与涂硅隔离膜结构，可湿铺、自粘施工，实现刚柔结合防水效果","SAM-924 纤维增强型高分子膜基自粘沥青防水卷材，采用高分子膜、纤维增强层与涂硅隔离膜结构，可湿铺、自粘施工，实现刚柔结合防水效果"
"A 组分 20kg/桶；B 组分 20kg/桶","A组分 20kg/桶；B组分 20kg/桶"
"粘结性能好、粘结力强：可与多种基层粘结，粘结强度 2.5MPa 以上","粘结性能好、粘结力强：可与多种基层粘结，粘结强度2.5MPa以上"
"低温柔性卓越：-35℃ 弯折不裂，适用于低温防水工程","低温柔性卓越：-35℃弯折不裂，适用于低温防水工程"
"HCA-101 高弹厚质丙烯酸酯防水涂料是单组分水性液态防水涂料，白色，可在潮湿基面冷施工，开盖即用，涂膜强度高、伸长率大、绿色环保","HCA-101高弹厚质丙烯酸酯防水涂料是单组分水性液态防水涂料，白色，可在潮湿基面冷施工，开盖即用，涂膜强度高、伸长率大、绿色环保"
"25 kg/桶","25kg/桶"
"≥1.0MPa（典型值 1.2MPa）","≥1.0MPa（典型值1.2MPa）"
"低温弯折性出色：低温弯折性能好（-15℃ 弯折不裂）","低温弯折性出色：低温弯折性能好（-15℃弯折不裂）"
"东方雨虹 HCA-108 屋面丙烯酸高弹防水涂料是单组分水性丙烯酸防水涂料，开盖即用，低温弯折性好，户外耐久性与抗","东方雨虹HCA-108屋面丙烯酸高弹防水涂料是单组分水性丙烯酸防水涂料，开盖即用，低温弯折性好，户外耐久性与抗"
"JG/T375-2012《金属屋面丙烯酸高弹防水涂料》","JG/T 375-2012《金属屋面丙烯酸高弹防水涂料》"
"20 kg/桶","20kg/桶"
"≥65%（典型值 67%）","≥65%（典型值67%）"
"≥150%（典型值 301%）","≥150%（典型值301%）"
"≥1.5MPa（典型值 1.8MPa）","≥1.5MPa（典型值1.8MPa）"
"低温弯折性出色（-30℃ 弯折不裂）","低温弯折性出色（-30℃弯折不裂）"
"高弹性，断裂伸长率高（典型值 301%）","高弹性，断裂伸长率高（典型值301%）"
"JSA-101 —— 聚合物水泥防水涂料（I 型）","JSA-101 —— 聚合物水泥防水涂料（I型）"
"JSA-101（I 型）聚合物水泥防水涂料是双组分聚合物水泥防水涂料，由液料与粉料按比例配制而成，适用于卫浴间等室内部位的防水工程","JSA-101（I型）聚合物水泥防水涂料是双组分聚合物水泥防水涂料，由液料与粉料按比例配制而成，适用于卫浴间等室内部位的防水工程"
"≥70%（典型值 ≥74%）","≥70%（典型值≥74%）"
"≥1.2MPa（典型值 ≥1.5MPa）","≥1.2MPa（典型值≥1.5MPa）"
"JSA-203 外墙专用透汽型聚合物水泥防水涂料，双组分产品，液料为黏稠液体，粉料为粉状。透气性好，适用于工程","JSA-203外墙专用透汽型聚合物水泥防水涂料，双组分产品，液料为黏稠液体，粉料为粉状。透气性好，适用于工程"
"塑料桶 10kg/桶或阀口袋 23kg/袋","塑料桶10kg/桶或阀口袋23kg/袋"
"≥70%（典型值 84.5%）","≥70%（典型值84.5%）"
"透气防水：透气性好，可耐 0.3MPa 水压","透气防水：透气性好，可耐0.3MPa水压"
"VPC-100 透汽型柔性防水涂料，单组分水性液态防水涂料，白色，塑料桶 20kg/桶包装，兼具阻挡液态水与透过气态水汽的功能，适用于","VPC-100 透汽型柔性防水涂料，单组分水性液态防水涂料，白色，塑料桶20kg/桶包装，兼具阻挡液态水与透过气态水汽的功能，适用于"
"塑料桶 20kg/桶","塑料桶20kg/桶"
"≥60%（典型值 64%）","≥60%（典型值64%）"
"1000mm 水柱，2h 不透水","1000mm水柱，2h不透水"
"水性体系：安全环保，无刺激性气味，不添加任何有机溶剂，低 VOC","水性体系：安全环保，无刺激性气味，不添加任何有机溶剂，低VOC"
"与系统基层配合：阻燃性能达 B1 级","与系统基层配合：阻燃性能达B1级"
"≥50%（典型值 ≥60%）","≥50%（典型值≥60%）"
"160℃ 不流淌、不滑移、不滴落","160℃不流淌、不滑移、不滴落"
"-25℃ 无裂纹","-25℃无裂纹"
"≥800%（典型值 975%）","≥800%（典型值975%）"
"耐 160℃ 以上高温，高温抗剪滑性好，可承受沥青混凝土摊铺过程中的热冲击","耐160℃以上高温，高温抗剪滑性好，可承受沥青混凝土摊铺过程中的热冲击"
"140℃ 不滑移、不流淌、不滴落","140℃不滑移、不流淌、不滴落"
"耐热性好（140℃ 不滑移、不流淌、不滴落），低温柔性 -15℃","耐热性好（140℃不滑移、不流淌、不滴落），低温柔性-15℃"
"PBC-328 非固化橡胶沥青防水涂料是黑色膏状物，固含量大于 98%，施工后无需干燥即可铺贴卷材，具有粘结性、抗反渗性及自愈性","PBC-328 非固化橡胶沥青防水涂料是黑色膏状物，固含量大于98%，施工后无需干燥即可铺贴卷材，具有粘结性、抗反渗性及自愈性"
"铁桶，20 kg/桶","铁桶，20kg/桶"
"≥98%（典型值 ≥99%）","≥98%（典型值≥99%）"
"≥180℃（典型值 ≥210℃）","≥180℃（典型值≥210℃）"
"Guangdong Zhongju Yabai Building Materials Technology Co., Ltd. (广东中居亚百建材科技) chuyên sản xuất tấm phủ vô cơ (无机预涂板) — còn gọi «tấm băng hỏa» (冰火板) / tấm sạch (洁净板) — vật liệu ốp bề mặt cao cấp cho tường ngăn và trần nội/ngoại thất. Công ty tích hợp R&D, sản xuất và kinh doanh với đội ngũ kỹ thuật giàu kinh nghiệm cùng dây chuyền tự động hoá; đặt tại khu Tam Thuỷ (Sanshui), thành phố Phật Sơn (Foshan), Quảng Đông.","Guangdong Zhongju Yabai Building Materials Technology Co., Ltd. (广东中居亚百建材科技) 专业生产无机预涂板（又称冰火板/洁净板），是用于内外墙隔断和吊顶的高端饰面材料。公司集研发、生产和销售于一体，拥有经验丰富的技术团队和自动化生产线，位于广东佛山三水区。"
"Zhongju Yabai 中居亚百 (Guangdong Zhongju Yabai)","Zhongju Yabai 中居亚百（广东中居亚百）"
"Tấm phủ vô cơ 无机预涂板 / 冰火板 / 洁净板, tấm ốp tường","无机预涂板/冰火板/洁净板，墙面板"
"Guangdong Zhongju Yabai Building Materials Technology (中居亚百) — Tam Thuỷ, Phật Sơn","广东中居亚百建材科技有限公司（中居亚百）—— 佛山三水"
"Tấm băng hỏa (冰火板)","冰火板"
"Tấm băng hỏa vô cơ (无机预涂板/冰火板)","无机预涂板/冰火板"
"Tấm băng hỏa vô cơ phủ sẵn (无机预涂板/冰火板)","无机预涂板/冰火板"
"Tấm phủ vô cơ (无机预涂板)/băng hỏa","无机预涂板/冰火板"
"Tấm sạch (洁净板)","洁净板"
"Tấm sạch vô cơ (无机预涂板) Zhongju Yabai với bề mặt phẳng mịn, màu trơn xen kẽ hồng pastel và trắng. Vật liệu vô cơ chống cháy cấp A, chống ẩm-mốc, kháng khuẩn và không phát thải formaldehyde, phù hợp cho không gian yêu cầu vệ sinh cao.","无机预涂板（Zhongju Yabai）表面平整光滑，颜色为粉彩和白色相间。无机材料防火等级A级，防潮防霉，抗菌且无甲醛释放，适用于高卫生要求场所。"
"Tấm sạch vô cơ (无机预涂板)","无机预涂板"
"Tấm sạch (洁净板) vô cơ phủ sẵn của Zhongju Yabai với bề mặt trơn màu xanh lá tươi và màu kem trung tính, đạt chống cháy cấp A, chống ẩm chống mốc, kháng khuẩn và không phát thải formaldehyde. Phù hợp cho không gian yêu cầu vệ sinh cao như bệnh viện và phòng sạch.","Zhongju Yabai 无机预涂洁净板，表面光滑，颜色为鲜绿色和中性米色，防火等级A级，防潮防霉，抗菌且无甲醛释放。适用于医院、洁净室等高卫生要求场所。"
"Tấm phủ vô cơ (无机预涂板) / tấm sạch","无机预涂板/洁净板"
"Tấm sạch (洁净板) vô cơ y tế Zhongju Yabai, bề mặt nhẵn màu pastel hồng nhạt và kem trắng. Vật liệu vô cơ chống cháy cấp A, chống ẩm-mốc, kháng khuẩn và không phát thải formaldehyde, phù hợp cho không gian sạch yêu cầu vệ sinh cao.","Zhongju Yabai 医用无机预涂洁净板，表面光滑，颜色为浅粉彩和乳白色。无机材料防火等级A级，防潮防霉，抗菌且无甲醛释放，适用于高卫生要求的洁净空间。"
"Tấm sạch vô cơ (洁净板)","洁净板"
"Tấm ốp tường (护墙板)","护墙板"
"Tấm phủ vô cơ (无机预涂板) ốp tường","无机预涂板 护墙板"
"Tấm phủ vô cơ (无机预涂板) / tấm ốp tường","无机预涂板 / 护墙板"
"Tấm ốp tường vô cơ (无机预涂板) của Zhongju Yabai với dải màu pastel đa sắc (xanh dương, xanh lá, hồng, vàng nhạt, kem, xám, trắng), bề mặt nhẵn mịn lì. Cốt vô cơ chống cháy cấp A, chống ẩm, chống mốc, kháng khuẩn và không phát thải formaldehyde, phù hợp ốp tường nội-ngoại thất.","中居雅百无机预涂板（护墙板），多色柔和色系（蓝、绿、粉、浅黄、米、灰、白），表面光滑哑光。无机基材，防火A级，防潮防霉，抗菌，无甲醛释放，适用于室内外墙面。"
"Tấm phủ vô cơ (无机预涂板) - tấm ốp tường","无机预涂板 - 护墙板"
"Tấm ốp tường phủ vô cơ (护墙板/无机预涂板)","无机预涂护墙板"
"Vật liệu chống cháy (无机预涂板)","无机预涂板（防火材料）"
"Tấm phủ vô cơ (无机预涂板) chống cháy cấp A của Zhongju Yabai, bề mặt vân gỗ sáng tông be nhạt, đi kèm cả các tấm trơn màu kem trong cùng dòng. Cốt vô cơ giúp chống ẩm, chống mốc, kháng khuẩn và không phát thải formaldehyde, phù hợp ốp tường/trần nội-ngoại thất.","中居雅百无机预涂板，防火A级，浅米色木纹表面，同系列纯米色板可选。无机基材防潮防霉，抗菌，无甲醛释放，适用于室内外墙面/天花板。"
"Tấm phủ vô cơ (无机预涂板) / băng hỏa","无机预涂板 / 防火带"
"Tấm phủ vô cơ (无机预涂板) chống cháy của Zhongju Yabai với bề mặt vân gỗ sáng tự nhiên, kèm tùy chọn màu trắng trơn. Vật liệu nền vô cơ đạt chống cháy cấp A, chống ẩm, chống mốc, kháng khuẩn và không phát thải formaldehyde, phù hợp ốp tường-trần ở môi trường yêu cầu vệ sinh cao.","中居雅百无机预涂防火板，浅自然木纹表面，可选纯白色。无机基材，防火A级，防潮防霉，抗菌，无甲醛释放，适用于高卫生要求的墙面/天花板。"
"意式（Italian）","意式"
"钢管（Steel pipe）","钢管"
"H、I、U、V型钢","H型钢、I型钢、U型钢、V型钢"
"G654花岗岩抛光","G654花岗岩抛光面"
"墙纸与涂层","墙纸与涂料"
"保温隔热与防水","保温隔热与防水材料"
"EPS / XPS板","EPS/XPS板"
"40ft模块化集装箱办公室","40英尺模块化集装箱办公室"
"导轨射灯（track light）","导轨射灯"
"壁灯（wall sconce）","壁灯"
"摇头灯（moving head）","摇头灯"
"光束灯（beam light）","光束灯"
"车间高顶灯（highbay）","车间高顶灯"
"吊趟玻璃门（sliding hanging）","吊趟玻璃门"
"液压闭门器（door closer）","液压闭门器"
"60支全棉床品4件套","60支全棉床品四件套"
"赠客毛巾4件套","赠客毛巾四件套"
"牛皮纸盒洗漱用品6件套","牛皮纸盒洗漱用品六件套"
"胸牌（name tag）","胸牌"
"客房服务车（housekeeping）","客房服务车"
"抽象帆布画60×90 3联","抽象帆布画60×90 三联"
"依托 AI 算法自动处理订单、调度运输并优化物流路线。","依托AI算法自动处理订单、调度运输并优化物流路线。"
"采购中心 · 工厂验厂 · 采购与品控","采购中心·工厂验厂·采购与品控"
"总部 · 运营 · 越南分销","总部·运营·越南分销"
"越南国际仲裁中心（VIAC 河内）","越南国际仲裁中心（VIAC河内）"
"越南第 13/2023/NĐ-CP 号法令","越南第13/2023/NĐ-CP号法令"
"电梯 — 乘客电梯 / 自动扶梯 / 消防电梯 — 多种载重与应用场景。","电梯—乘客电梯/自动扶梯/消防电梯—多种载重与应用场景。"
"6人轿厢（450 kg）","6人轿厢（450kg）"
"13人轿厢（1000 kg）","13人轿厢（1000kg）"
"21人轿厢（1600 kg）","21人轿厢（1600kg）"
"速度 1.0–2.5 米/秒","速度1.0–2.5米/秒"
"梯级宽度 600–1000 mm","梯级宽度600–1000mm"
"倾斜角 30° / 35°","倾斜角30°/35°"
"机场 / 地铁","机场/地铁"
"钢材 — H/I/U/V型钢、钢管、钢板、彩钢瓦 — 广州FOB按吨报价。","钢材 — H/I/U/V型钢、钢管、钢板、彩钢瓦 — 广州FOB按吨报价"
"黑管 / 镀锌钢管","黑管/镀锌钢管"
"不锈钢 304/316","不锈钢304/316"
"M16+锚栓","M16锚栓"
"瓷砖板、陶瓷、MDF — 酒店与别墅室内设计专用。","瓷砖板、陶瓷、MDF — 酒店与别墅室内设计专用"
"木地板 + 地面材料 — SPC+LVT木地板、实木地板、瓷砖 — DDP 18天到货。","木地板+地面材料 — SPC+LVT木地板、实木地板、瓷砖 — DDP 18天到货"
"SPC + LVT木地板","SPC+LVT木地板"
"拉杆 / 镀锌龙骨","拉杆/镀锌龙骨"
"胶粘剂与填缝","胶粘剂与填缝剂"
"智能马桶冲洗+烘干+座圈加热+自动除臭。","智能马桶（冲洗+烘干+座圈加热+自动除臭）"
"花洒、面盆龙头、厨房龙头 — 铜镀铬 / 金色 / 哑光。","花洒、面盆龙头、厨房龙头 — 铜镀铬/金色/哑光。"
"3-5星FF&E整体配套 — 符合万豪/希尔顿标准设计。","3-5星FF&E整体配套 — 符合万豪/希尔顿标准设计"
"餐厅 / 酒吧","餐厅/酒吧"
"儿童床、学习桌、安全玩具 — E0/E1环保认证。","儿童床、学习桌、安全玩具 — E0/E1环保认证"
"单灶 / 双灶 / 3-4灶电磁炉 — 肖特微晶面板，功率3500W+。","单灶/双灶/3-4灶电磁炉 — 肖特微晶面板，功率3500W+"
"顶吸式、欧式、中岛式油烟机 — 风量700–1300 m³/h。","顶吸式、欧式、中岛式油烟机 — 风量700–1300 m³/h"
"顶吸 / 侧吸","顶吸/侧吸"
"机械式、电子式、带烧烤微波炉 — 容量20–42L。","机械式、电子式、带烧烤微波炉 — 容量20–42L"
"电子压力锅、多功能料理锅 — 容量4–10L。","电子压力锅、多功能料理锅 — 容量4–10L"
"机械式、电子式、IH电磁加热电饭煲 — 1.8–5L家用与餐厅。","机械式、电子式、IH电磁加热电饭煲 — 1.8–5L家用与餐厅"
"煮粥 / 慢炖","煮粥/慢炖"
"独立式、嵌入式、迷你洗碗机 — 6–14套标准。","独立式、嵌入式、迷你洗碗机 — 6–14套标准"
"304不锈钢单槽 / 双槽 / 三槽 — 手工细磨 / 静音。","304不锈钢单槽/双槽/三槽 — 手工细磨/静音"
"橱柜铰链、滑轨、拉手、不锈钢配件 — 整柜采购。","橱柜铰链、滑轨、拉手、不锈钢配件——整柜采购"
"35 mm杯型铰链","35mm杯型铰链"
"各类LED芯片光源 — 驱动器、模组、COB、SMD专用。","各类LED芯片光源——驱动器、模组、COB、SMD专用"
"吸顶灯、筒灯、面板灯、LED灯带 — 适用客厅与生活空间。","吸顶灯、筒灯、面板灯、LED灯带——适用客厅与生活空间"
"走廊 / 楼梯","走廊/楼梯"
"投光灯、工业灯管、射灯 — IP65/66。","投光灯、工业灯管、射灯——IP65/66"
"插座、开关、MCB、ATS — 照明系统配套配件。","插座、开关、MCB、ATS——照明系统配套配件"
"3D人脸识别+可视通话锁 — IP68防水。","3D人脸识别+可视通话锁 — IP68防水"
"指纹锁+Wi-Fi，App远程控制。","指纹锁+Wi-Fi，App远程控制"
"户外大门门栓锁，指纹+Wi-Fi — 别墅专用。","户外大门门栓锁，指纹+Wi-Fi — 别墅专用"
"适用木门、铝门、钢门的电子指纹锁 — 普及型。","适用木门、铝门、钢门的电子指纹锁 — 普及型"
"壁挂、嵌入式、柜式变频空调 — 多档功率。","壁挂、嵌入式、柜式变频空调 — 多档功率"
"美的是中国领先的多品牌家电集团，拥有覆盖中端到高端的战略品牌矩阵。美的的空调、冰箱、洗衣机以及厨房电器与小家电产品在中国市场占有领先份额，并出口至 200 多个国家。","美的是中国领先的多品牌家电集团，拥有覆盖中端到高端的战略品牌矩阵。美的的空调、冰箱、洗衣机以及厨房电器与小家电产品在中国市场占有领先份额，并出口至200多个国家。"
"全球 30+ 工厂 + 35+ 研发中心","全球30+工厂 + 35+研发中心"
"180,000+ 名员工（集团整体）","180,000+名员工（集团整体）"
"《财富》世界 500 强（自 2016 年起持续上榜）","《财富》世界500强（自2016年起持续上榜）"
"拥有 7 大战略子品牌：Midea、Little Swan、COLMO（高端 AI）、Toshiba（日系高端）、Cuckoo、Hualing（年轻 + 高性价比）、Comfee（出口）","拥有7大战略子品牌：Midea、Little Swan、COLMO（高端AI）、Toshiba（日系高端）、Cuckoo、Hualing（年轻+高性价比）、Comfee（出口）"
"分销网络覆盖 200+ 个国家","分销网络覆盖200+个国家"
"深圳证券交易所上市，代码 000333","深圳证券交易所上市，代码000333"
"拥有逾 150 年传承的日本品牌（东芝株式会社始于 1875 年）","拥有逾150年传承的日本品牌（东芝株式会社始于1875年）"
"家电业务自 2016 年起由美的集团运营 —— 研发保留于东京","家电业务自2016年起由美的集团运营——研发保留于东京"
"在越南由 Toshiba Lifestyle 正品分销（toshiba-lifestyle.com/vn）","在越南由Toshiba Lifestyle正品分销（toshiba-lifestyle.com/vn）"
"联塑是中国大型建材 + 家居 + 供应链集团，业务涵盖塑料管道、电线电缆、建筑材料、环保、新能源等多个领域。产品服务于民用、工业、农业及市政基础设施市场。","联塑是中国大型建材、家居及供应链集团，业务涵盖塑料管道、电线电缆、建筑材料、环保、新能源等多个领域，产品服务于民用、工业、农业及市政基础设施市场。"
"在中国及东南亚拥有 30+ 大型工厂","在中国及东南亚拥有30余家大型工厂"
"全国 7×24 小时热线：400-168-2128","全国7×24小时热线：400-168-2128"
"布局 7 个国际市场：英语区、阿联酋、美国、印度尼西亚、印度、马来西亚、柬埔寨","布局7个国际市场：英语区、阿联酋、美国、印度尼西亚、印度、马来西亚、柬埔寨"
"6 大产品体系：市政工程、民用、农业、工商业、消防、燃气","6大产品体系：市政工程、民用、农业、工商业、消防、燃气"
"Teka 是拥有逾百年历史的西班牙厨卫设备集团，旗下拥有 3 大品牌：Teka（1924 年，源自德国）、Küppersbusch（1875 年，德国高端，屡获 Red Dot 与 IF Design 奖）、Intra（1871 年，瑞典不锈钢水槽）。现隶属母公司 German Heritage B。","Teka是拥有逾百年历史的西班牙厨卫设备集团，旗下拥有3大品牌：Teka（1924年，源自德国）、Küppersbusch（1875年，德国高端，屡获Red Dot与IF Design奖）、Intra（1871年，瑞典不锈钢水槽）。现隶属母公司German Heritage B。"
"全球 15 家工厂","全球15家工厂"
"5,000 名员工","5,000名员工"
"服务全球 120+ 个国家、1 亿户家庭","服务全球120余个国家、1亿户家庭"
"约 50% 的西班牙家庭使用 Teka 产品","约50%的西班牙家庭使用Teka产品"
"拥有 3 大品牌矩阵：Teka（1924）、Küppersbusch（1875）、Intra（1871）","拥有3大品牌矩阵：Teka（1924）、Küppersbusch（1875）、Intra（1871）"
"Küppersbusch 屡获 Red Dot、IF Design、ADEX Platinum Excellence 奖项","Küppersbusch屡获Red Dot、IF Design、ADEX Platinum Excellence奖项"
"Küppersbusch 是德国设计委员会创始成员（2016）","Küppersbusch是德国设计委员会创始成员（2016）"
"东芝电梯（中国）是日本东芝集团在华分支机构，专注提供融合日本先进技术的高端电梯解决方案。2024 年，东芝电梯位列全球电梯厂商前 7 强，以磁悬浮导向技术、双层轿厢电梯及高速电梯纪录而著称。","东芝电梯（中国）是日本东芝集团在华分支机构，专注提供融合日本先进技术的高端电梯解决方案。2024年，东芝电梯位列全球电梯厂商前7强，以磁悬浮导向技术、双层轿厢电梯及高速电梯纪录而著称。"
"生产工厂位于沈阳 + 苏州","生产工厂位于沈阳及苏州"
"全球电梯前 7 强（2024）","全球电梯前7强（2024）"
"12 项核心技术：超高速、FLOORNAVI 目的层群控、AI 群梯管理、BIM 设计、磁悬浮导靴等","12项核心技术：超高速、FLOORNAVI目的层群控、AI群梯管理、BIM设计、磁悬浮导靴等"
"近期参考项目：内蒙古 CT 医学医院、山西六安华都五期（67 台）","近期参考项目：内蒙古CT医学医院、山西六安华都五期（67台）"
"广日电梯是上市企业，为广州工业投资控股集团（《财富》世界 500 强）的重要子公司。创立于 1956 年，自 1973 年起生产载货电梯，广日积累了逾 50 年经验，发展成为集研发 + 生产 + 安装 + 维保于一体的现代化企业。","广日电梯是上市企业，为广州工业投资控股集团（《财富》世界500强）的重要子公司。创立于1956年，自1973年起生产载货电梯，广日积累了逾50年经验，发展成为集研发、生产、安装、维保于一体的现代化企业。"
"广州市番禺区石楼镇国贸南大道 636 号","广州市番禺区石楼镇国贸南大道636号"
"主要生产在广州 + 全国设有辅助基地","主要生产在广州，全国设有辅助基地"
"母公司位列《财富》世界 500 强","母公司位列《财富》世界500强"
"逾 50 年电梯制造经验","逾50年电梯制造经验"
"提供全方位解决方案：研发 + 设计 + 生产 + 安装 + 维保 + 培训","提供全方位解决方案：研发、设计、生产、安装、维保、培训"
"TEEHO 是美国亚马逊智能锁热销品牌，专注设计与生产指纹锁 + 密码锁 + Wi-Fi 锁。产品融合现代技术与友好的用户体验，服务北美家庭、酒店及 Airbnb 短租市场。","TEEHO是美国亚马逊智能锁热销品牌，专注设计与生产指纹锁、密码锁及Wi-Fi锁。产品融合现代技术与友好的用户体验，服务北美家庭、酒店及Airbnb短租市场。"
"全部产品达 IP54（防尘 + 防水溅）或 IP55","全部产品达IP54（防尘及防水溅）或IP55"
"4× AA 电池续航 1 年 —— 无需频繁充电","4×AA电池续航1年，无需频繁充电"
"工作温度：-30°C 至 70°C（适应越南气候）","工作温度：-30°C至70°C（适应越南气候）"
"30 天退换政策 + 7×24 小时客户支持","30天退换政策及7×24小时客户支持"
"安彼是位于广东潮州的卫生陶瓷品牌 —— 潮州是中国最大的卫生陶瓷生产基地之一。品牌专注于智能马桶及一体化卫浴空间设计，致力于成为面向全国市场的家居品牌。","安彼是位于广东潮州的卫生陶瓷品牌——潮州是中国最大的卫生陶瓷生产基地之一。品牌专注于智能马桶及一体化卫浴空间设计，致力于成为面向全国市场的家居品牌。"
"荣获 2024 潮州卫浴十大品牌","荣获2024潮州卫浴十大品牌"
"2024 消费者喜爱品牌","2024消费者喜爱品牌"
"Dulux Professional 是 AkzoNobel 集团（荷兰，创立于 1792 年，逾 230 年历史）旗下的专业涂料产品线。集团拥有 Dulux、International、Sikkens、Interpon 等全球知名涂料品牌，业务遍及 150 多个国家，员工 34,000 人。","Dulux Professional是AkzoNobel集团（荷兰，创立于1792年，逾230年历史）旗下的专业涂料产品线。集团拥有Dulux、International、Sikkens、Interpon等全球知名涂料品牌，业务遍及150多个国家，员工34,000人。"
"AkzoNobel 总部：荷兰阿姆斯特丹","AkzoNobel总部：荷兰阿姆斯特丹"
"在 150+ 个国家生产","在150余个国家生产"
"全球约 34,000 人","全球约34,000人"
"全球历史最悠久的涂料集团 —— 逾 230 年","全球历史最悠久的涂料集团——逾230年"
"定位「专业解决方案伙伴」—— 为 B2B 提供方案 + 技术 + 配色一站式服务","定位「专业解决方案伙伴」——为B2B提供方案、技术及配色一站式服务"
"东方雨虹是中国领先的防水 + 保温 + 民用建筑涂料集团，在深圳证券交易所上市，代码 002271。2023 年营收约 328 亿元人民币，拥有 1,916 项专利及 68 个生产 + 研发 + 物流基地（其中 3 个位于中国境外）。","东方雨虹是中国领先的防水、保温及民用建筑涂料集团，在深圳证券交易所上市，代码002271。2023年营收约328亿元人民币，拥有1,916项专利及68个生产、研发、物流基地（其中3个位于中国境外）。"
"68 个基地（生产 + 研发 + 物流，含 3 个海外基地）","68个基地（生产、研发、物流，含3个海外基地）"
"年产量超 180 万件","年产量超180万件"
"出口全球 30 多个国家和地区","出口全球30多个国家和地区"
"顺德产业集群 —— 中国领先的金属加工中心","顺德产业集群——中国领先的金属加工中心"
"福建鹏翔实业是位于中国福建省的高端石材制造集团，是亚洲领先的人造石制造商之一。主营产品包括人造石英石、再造大理石（re-engineered marble）、水磨石（terrazzo）及 3D 石英石。集团同时是越南乂安省德盛石材（越南法人公司）的母公司。","福建鹏翔实业是位于中国福建省的高端石材制造集团，是亚洲领先的人造石制造商之一。主营产品包括人造石英石、再造大理石、水磨石及3D石英石。集团同时是越南乂安省德盛石材（越南法人公司）的母公司。"
"全自动人造石生产技术 —— 达国际标准","全自动人造石生产技术——达国际标准"
"越南工厂投资：2,500 万美元，年产能 850 万㎡","越南工厂投资：2,500万美元，年产能850万㎡"
"出口全球 120 多个国家","出口全球120多个国家"
"广东中居亚百建材科技专业生产无机预涂板 —— 又称「冰火板」—— 用于室内外隔墙及吊顶的高端饰面材料。产品具备防火、防潮、防霉、抗菌且无甲醛释放等特性。","广东中居亚百建材科技专业生产无机预涂板——又称「冰火板」——用于室内外隔墙及吊顶的高端饰面材料。产品具备防火、防潮、防霉、抗菌且无甲醛释放等特性。"
"全自动生产线 —— 无机预涂板","全自动生产线——无机预涂板"
"无机预涂板 —— 防火 + 防潮 + 防霉特性","无机预涂板——防火+防潮+防霉特性"
"抗菌、无甲醛释放产品 —— 达医院 + 洁净室标准","抗菌、无甲醛释放产品——达医院+洁净室标准"
"「冰火板」产品 —— 耐火 + 耐低温","「冰火板」产品——耐火+耐低温"
"领沃（LINVOL）是美的集团旗下官方电梯品牌 —— 专注别墅电梯、旧楼加装改造电梯、自动扶梯及乘客电梯。领沃秉持「每一程，都是更好的抵达」理念，将数字技术 + AI 融入电梯全生命周期：设计 → 生产 → 定制 → 研发 → 运行 → 维保。","领沃（LINVOL）是美的集团旗下官方电梯品牌——专注别墅电梯、旧楼加装改造电梯、自动扶梯及乘客电梯。领沃秉持「每一程，都是更好的抵达」理念，将数字技术+AI融入电梯全生命周期：设计→生产→定制→研发→运行→维保。"
"研发 + 工厂区：中国广东省（美的园区）","研发+工厂区：中国广东省（美的园区）"
"美的数字化电梯研发中心 + 佛山园区工厂","美的数字化电梯研发中心+佛山园区工厂"
"美的集团（《财富》世界 500 强）官方电梯品牌","美的集团（《财富》世界500强）官方电梯品牌"
"「管家 + 专家」全周期 —— 终身质保 + 维保","「管家+专家」全周期——终身质保+维保"
"数字技术 + AI 贯穿电梯全生命周期","数字技术+AI贯穿电梯全生命周期"
"4 大产品线：别墅、加装改造、自动扶梯、乘客电梯","4大产品线：别墅、加装改造、自动扶梯、乘客电梯"
"TTLock Sciener (赛脑智能 / 鹿客 LOOCK)","TTLock Sciener (赛脑智能/鹿客 LOOCK)"
"TTLock（由赛脑智能开发）是全球领先的智能锁解决方案供应商 —— 包括适配各类门锁的 PCBA 硬件 + 管理软件平台 + 面向酒店、Airbnb、服务式公寓及企业的集成系统。TTLock 生态连接 30 多家中国软件合作伙伴，服务公寓租赁 + 物业管理市场。","TTLock（由赛脑智能开发）是全球领先的智能锁解决方案供应商——包括适配各类门锁的PCBA硬件+管理软件平台+面向酒店、Airbnb、服务式公寓及企业的集成系统。TTLock生态连接30多家中国软件合作伙伴，服务公寓租赁+物业管理市场。"
"研发 + 生产总部：中国 —— 全球分销","研发+生产总部：中国——全球分销"
"研发中心 + 智能锁专用 PCBA 生产线","研发中心+智能锁专用PCBA生产线"
"PCBA 可集成于各类门锁 —— 将普通锁升级为智能锁","PCBA可集成于各类门锁——将普通锁升级为智能锁"
"30+ 软件合作伙伴生态，服务租赁 + 物业管理市场","30+软件合作伙伴生态，服务租赁+物业管理市场"
"金意陶（广东金意陶陶瓷集团）是中国领先的瓷砖 + 岩板制造商 —— 自称「中国质感砖开创者」。运营总部位于广东佛山禅城区季华路 28 号新城智汇 T6 栋。金意陶定位中高端，拥有 6 大艺术砖系列，并为室内设计提供一站式整体配送服务。","金意陶（广东金意陶陶瓷集团）是中国领先的瓷砖+岩板制造商——自称「中国质感砖开创者」。运营总部位于广东佛山禅城区季华路28号新城智汇T6栋。金意陶定位中高端，拥有6大艺术砖系列，并为室内设计提供一站式整体配送服务。"
"中国广东佛山（禅城季华路 28 号 —— 新城智汇 T6）","中国广东佛山（禅城季华路28号——新城智汇T6）"
"佛山产业集群 ——「中国瓷砖之都」","佛山产业集群——「中国瓷砖之都」"
"6 大专属艺术砖系列 —— 中高端定位","6大专属艺术砖系列——中高端定位"
"另设出口品牌 KITO Ceramics（kitoceramics.com）","另设出口品牌KITO Ceramics（kitoceramics.com）"
"三棵树涂料（SKSHU Paint）是中国上市涂料集团，品牌口号为「树立天地，绿满世界」。公司提供完整的家装产品体系（内墙漆 + 艺术漆 + 小森林板材）及工程产品体系（防水涂料 + 工业涂料）。三棵树推出「马上住」服务 —— 短期交付的家装施工套餐。","三棵树涂料（SKSHU Paint）是中国上市涂料集团，品牌口号为「树立天地，绿满世界」。公司提供完整的家装产品体系（内墙漆+艺术漆+小森林板材）及工程产品体系（防水涂料+工业涂料）。三棵树推出「马上住」服务——短期交付的家装施工套餐。"
"上交所上市集团 —— 大型涂料生产集群体系","上交所上市集团——大型涂料生产集群体系"
"中国大型上市涂料集团 —— 股票代码 SSE 603737","中国大型上市涂料集团——股票代码SSE 603737"
"「马上住」一站式服务 —— 涂装快速交付","「马上住」一站式服务——涂装快速交付"
"完整产品体系：家装 + 工程 + 工业 + 防水","完整产品体系：家装+工程+工业+防水"
"贝朗（BRAVAT）是隶属 Dietsche 集团的高端卫浴品牌 —— Dietsche 是拥有逾百年历史的德国卫浴集团。贝朗定位「生活，从这里真正开始」—— 提供整体卫浴解决方案：智能产品 + 五金 + 马桶 + 浴室家具 + 台盆 + 浴缸 + 淋浴房 + 配件。服务全球市场（德国、美国、中国、巴西、澳大利亚、新加坡、越南、俄罗斯、墨西哥）。","贝朗（BRAVAT）是隶属Dietsche集团的高端卫浴品牌——Dietsche是拥有逾百年历史的德国卫浴集团。贝朗定位「生活，从这里真正开始」——提供整体卫浴解决方案：智能产品+五金+马桶+浴室家具+台盆+浴缸+淋浴房+配件。服务全球市场（德国、美国、中国、巴西、澳大利亚、新加坡、越南、俄罗斯、墨西哥）。"
"中国工厂 + 研发 —— Dietsche 全球体系的一部分","中国工厂+研发——Dietsche全球体系的一部分"
"母公司 Dietsche —— 逾百年历史的德国卫浴集团","母公司Dietsche——逾百年历史的德国卫浴集团"
"完整产品体系：从智能到配件共 8 大系列","完整产品体系：从智能到配件共8大系列"
"分销 10+ 市场：德国、美国、中国、巴西、澳大利亚、新加坡、越南、俄罗斯、墨西哥","分销10+市场：德国、美国、中国、巴西、澳大利亚、新加坡、越南、俄罗斯、墨西哥"
"Sylvania Group（Feilo Sylvania）是源自 1901 年的国际照明集团 —— 全球历史最悠久、最具声誉的照明品牌之一。业务遍及欧洲、拉丁美洲、亚洲及非洲，产品体系覆盖建筑、工业、零售、办公及城市照明。与上海飞乐音响集团合并后，Sylvania 融入中外生态体系，将西方照明技术与中国供应链相结合。","Sylvania Group（Feilo Sylvania）是源自1901年的国际照明集团，全球历史最悠久、最具声誉的照明品牌之一。业务遍及欧洲、拉丁美洲、亚洲及非洲，产品体系覆盖建筑、工业、零售、办公及城市照明。与上海飞乐音响集团合并后，Sylvania融入中外生态体系，将西方照明技术与中国供应链相结合。"
"跨国运营 —— 欧洲总部 + 中国工厂（飞乐）","跨国运营——欧洲总部+中国工厂（飞乐）"
"多大洲研发 + 工厂网络（欧洲、美洲、亚洲）","多洲研发+工厂网络（欧洲、美洲、亚洲）"
"源自 1901 年的国际照明品牌 —— 逾 120 年历史","源自1901年的国际照明品牌——逾120年历史"
"跨大洲运营：欧洲 + 美洲 + 亚洲 + 非洲","跨洲运营：欧洲+美洲+亚洲+非洲"
"隶属 Feilo Sylvania 集团 —— 融合西方技术 + 中国供应链","隶属Feilo Sylvania集团——融合西方技术+中国供应链"
"华越平台上的大多数工厂均支持批发，起订量视型号而定，一般为 10–50 把。您可提交具体数量的询价，供应商将在 24 小时内回复 CIF/DDP 到越南仓的报价。100 把以上的订单通常可在挂牌价基础上享受 8–15% 的折扣。200 把以上的订单可提供 OEM 换标、换皮色、换坐垫服务。","华越平台上的大多数工厂均支持批发，起订量视型号而定，一般为10–50把。您可提交具体数量的询价，供应商将在24小时内回复CIF/DDP到越南仓的报价。100把以上的订单通常可在挂牌价基础上享受8–15%的折扣。200把以上的订单可提供OEM换标、换皮色、换坐垫服务。"
"请先明确：（1）每天的久坐时长——4 小时以内可选基础职员椅，6 小时以上建议选人体工学椅；（2）使用者的身高与体重——椅子须具备合适的升降范围；（3）材质——炎热气候宜选透气网布，空调房则可选皮革/布艺。大批量下单前请先索取样品试用。","请先明确：（1）每天的久坐时长——4小时以内可选基础职员椅，6小时以上建议选人体工学椅；（2）使用者的身高与体重——椅子须具备合适的升降范围；（3）材质——炎热气候宜选透气网布，空调房则可选皮革/布艺。大批量下单前请先索取样品试用。"
"YF-A88 高端网布人体工学椅","YF-A88高端网布人体工学椅"
"A 字脚布雷绒访客椅","A字脚布雷绒访客椅"
"YF-A99 带搁脚人体工学椅","YF-A99带搁脚人体工学椅"
"钢架静电喷涂，德国透气网布，3D S 形曲线靠背，4D 扶手，3 档锁定后仰机构。广东生产，OEM 200pcs+。","钢架静电喷涂，德国透气网布，3D S形曲线靠背，4D扶手，3档锁定后仰机构。广东生产，OEM 200pcs+。"
"4 月","4月"
"1.6mm 意大利头层牛皮，天然乳胶坐垫，电池驱动 8 点按摩系统。5 年质保。适合总裁办公室、高端办公场所。","1.6mm意大利头层牛皮，天然乳胶坐垫，电池驱动8点按摩系统。5年质保。适合总裁办公室、高端办公场所。"
"5 套","5套"
"BS5852 阻燃绒布，钢架静电喷涂，PU 模塑坐垫。可叠放 10 把。是会议室、礼堂、活动区域的理想之选。","BS5852阻燃绒布，钢架静电喷涂，PU模塑坐垫。可叠放10把。是会议室、礼堂、活动区域的理想之选。"
"20 套","20套"
"AKF-X3 人体工学办公椅 美国网布 铝合金脚 动态腰托","AKF-X3人体工学办公椅 美国网布 铝合金脚 动态腰托"
"USA Matrex2 网布，气压自适应腰托，5D 扶手，360 旋转头枕。通过 BIFMA、GREENGUARD GOLD 认证。框架质保 12 年。","USA Matrex2网布，气压自适应腰托，5D扶手，360旋转头枕。通过BIFMA、GREENGUARD GOLD认证。框架质保12年。"
"10 套","10套"
"广州 AKF 家具有限公司","广州AKF家具有限公司"
"360 旋转职员椅 网布靠背 固定扶手 五星塑料脚","360旋转职员椅 网布靠背 固定扶手 五星塑料脚"
"聚酯网布靠背，PU 海绵坐垫，PU 包覆固定扶手，尼龙五星脚，4 级气压杆。适合初创办公室、联合办公空间。","聚酯网布靠背，PU海绵坐垫，PU包覆固定扶手，尼龙五星脚，4级气压杆。适合初创办公室、联合办公空间。"
"50 套","50套"
"YAFON YF-A88 人体工学办公椅 德国网布 4D 头枕 质保 10 年","YAFON YF-A88人体工学办公椅 德国网布 4D头枕 质保10年"
"PU 皮革办公转椅 五星铝合金脚 固定扶手","PU 皮革办公转椅，五星铝合金脚，固定扶手"
"A 字脚钢架办公访客椅 米色布雷绒坐垫","A 字脚钢架办公访客椅，米色布雷绒坐垫"
"金钱树 高 150cm 8 枝，220 片深绿亮叶","金钱树 高 150cm 8枝，220片深绿亮叶"
"办公室仿真金钱树双株组合 + 304 不锈钢盆","办公室仿真金钱树双株组合 + 304不锈钢盆"
"仿真 ZZ plant 高 70cm，阻燃 EVA 叶","仿真ZZ植物 高70cm，阻燃EVA叶"
"黑叶变种 Raven 金钱树 1.2m 热门款","黑叶变种Raven金钱树 1.2m 热门款"
"吊顶仿真金钱树 长 60cm，不锈钢吊钩","吊顶仿真金钱树 长60cm，不锈钢吊钩"
"PE 亮面塑料叶","PE亮面塑料叶"
"5 枝仿真蝴蝶兰","5枝仿真蝴蝶兰"
"仿真蝴蝶兰 5 枝 Phalaenopsis 白色，真实触感硅胶","仿真蝴蝶兰5枝 Phalaenopsis 白色，真实触感硅胶"
"紫色蝴蝶兰栽盆 9 枝，景德镇青釉瓷盆","紫色蝴蝶兰栽盆9枝，景德镇青釉瓷盆"
"黄色文心兰 长枝 65cm，小花 3cm，适合花束","黄色文心兰 长枝65cm，小花3cm，适合花束"
"仿真石斛兰 多色，长枝 50cm，适合瓶插","仿真石斛兰 多色，长枝50cm，适合瓶插"
"仿真兜兰 单轴型 4 枝，附天然干苔藓","仿真兜兰 单轴型4枝，附天然干苔藓"
"特别款翡翠绿蝴蝶兰，5 枝 70cm 栽瓷盆","特别款翡翠绿蝴蝶兰，5枝70cm栽瓷盆"
"整枝白兰花 90cm 用于酒店大堂大瓶插花","整枝白兰花90cm 用于酒店大堂大瓶插花"
"3 枝","3枝"
"5 枝","5枝"
"7 枝","7枝"
"9 枝","9枝"
"9 枝以上","9枝以上"
"50cm 高花瓶","50cm高花瓶"
"景德镇裂纹釉古典陶瓷花瓶 高 45cm，手工彩绘","景德镇裂纹釉古典陶瓷花瓶 高45cm，手工彩绘"
"手工硼硅玻璃花瓶 梨形 30cm","手工硼硅玻璃花瓶 梨形30cm"
"红铜金属花瓶 高 55cm，复古铜绿做旧效果","红铜金属花瓶 高55cm，复古铜绿做旧效果"
"白色抽象树脂花瓶 人脸造型 35cm","白色抽象树脂花瓶 人脸造型35cm"
"手工藤竹编花瓶 40cm，圆口适合插干花","手工藤竹编花瓶40cm，圆口适合插干花"
"气泡艺术玻璃花瓶 多色 28cm","气泡艺术玻璃花瓶 多色28cm"
"复古陶瓷花瓶 钴蓝浮雕纹 50cm","复古陶瓷花瓶 钴蓝浮雕纹50cm"
"2m 高花园柱灯","2m高花园柱灯"
"304 不锈钢草坪插地灯","304不锈钢草坪插地灯"
"50W LED 投光灯 IP66","50W LED投光灯 IP66"
"变色 LED 花园灯","变色LED花园灯"
"10m LED 灯串","10m LED灯串"
"鹿造型 LED 灯","鹿造型LED灯"
"12W LED 花园柱灯 高 2m，哑光黑静电喷涂铝壳","12W LED花园柱灯 高2m，哑光黑静电喷涂铝壳"
"304 不锈钢草坪插地灯 5W LED IP65，3000K 暖黄光","304不锈钢草坪插地灯 5W LED IP65，3000K暖黄光"
"50W LED 投光灯 IP66 压铸铝壳，用于照射别墅外立面","50W LED投光灯 IP66 压铸铝壳，用于照射别墅外立面"
"户外 LED 灯串 10m IP65，100 颗暖白灯珠","户外LED灯串 10m IP65，100颗暖白灯珠"
"RGB 变色 LED 花园灯 8W，蓝牙 App 控制","RGB变色LED花园灯 8W，蓝牙App控制"
"圣诞鹿造型 LED 灯 高 1.2m，户外 IP44","圣诞鹿造型LED灯 高1.2m，户外IP44"
"太阳能 LED 吊挂灯笼，哑光黑金属壳，4 个/套","太阳能LED吊挂灯笼，哑光黑金属壳，4个/套"
"蘑菇造型花园柱灯 高 80cm，铜饰面铝壳","蘑菇造型花园柱灯 高80cm，铜饰面铝壳"
"抗紫外线 PC 塑料壳","抗紫外线PC塑料壳"
"IP 防护等级","IP防护等级"
"50W 以上","50W以上"
"12 月份花园旗套装","12月份花园旗套装"
"双面活动横幅 50×80cm 600D 牛津布","双面活动横幅 50×80cm 600D牛津布"
"12 个月份花园旗套装 抗紫外线涤纶，配螺旋旗杆","12个月份花园旗套装 抗紫外线涤纶，配螺旋旗杆"
"户外数码印刷 PVC 横幅 1×3m 防水","户外数码印刷PVC横幅 1×3m 防水"
"花园锦鲤鱼尾旗 长 1.2m 防水伞布","花园锦鲤鱼尾旗 长1.2m 防水伞布"
"螺旋花园旗杆 高 1m 静电喷涂金属","螺旋花园旗杆 高1m 静电喷涂金属"
"涤纶万圣节旗 30×45 3D 南瓜印花 6 件套","涤纶万圣节旗 30×45 3D南瓜印花 6件套"
"110D 涤纶","110D涤纶"
"600D 牛津布","600D牛津布"
"数码印刷 PVC","数码印刷PVC"
"304 不锈钢高尔夫球场指示牌 40×40cm 激光雕刻","304不锈钢高尔夫球场指示牌 40×40cm 激光雕刻"
"铝制码数标志柱 高 1.2m，白色静电喷涂","铝制码数标志柱 高1.2m，白色静电喷涂"
"复合材料高尔夫球手造型装饰雕像 高 60cm","复合材料高尔夫球手造型装饰雕像 高60cm"
"304 不锈钢草坪插地灯 LED 3W IP65，用于高尔夫晚会","304不锈钢草坪插地灯 LED 3W IP65，用于高尔夫晚会"
"铝制果岭旗杆套装 1.8m，不锈钢底座 + 定制 Logo 旗","铝制果岭旗杆套装 1.8m，不锈钢底座 + 定制Logo旗"
"PE 塑料花盆","PE塑料花盆"
"圆形 PE 盆","圆形PE盆"
"方形 PE 盆","方形PE盆"
"长方形 PE 盆","长方形PE盆"
"长方形阳台 PE 塑料花盆","长方形阳台PE塑料花盆"
"60cm 高圆形 PE 盆","60cm高圆形PE盆"
"50×50cm 方形 PE 盆","50×50cm方形PE盆"
"仿藤 PE 盆","仿藤PE盆"
"PE 吊盆","PE吊盆"
"自浇水 PE 盆","自浇水PE盆"
"哑光灰 PE 盆","哑光灰PE盆"
"80cm 黑色 PE 盆","80cm黑色PE盆"
"长方形 PE 塑料阳台花盆 60×20×18cm，带排水孔","长方形PE塑料阳台花盆 60×20×18cm，带排水孔"
"圆形 PE 盆 高 60cm 直径 50cm，哑光灰饰面","圆形PE盆 高60cm 直径50cm，哑光灰饰面"
"方形 PE 盆 50×50×50cm 大堂植物用，真实木底","方形PE盆 50×50×50cm 大堂植物用，真实木底"
"仿藤圆形 PE 盆三件套 25-30-35cm，阳台装饰","仿藤圆形PE盆三件套 25-30-35cm，阳台装饰"
"阳台自浇水 PE 吊盆 30cm，配黑色金属吊钩","阳台自浇水PE吊盆 30cm，配黑色金属吊钩"
"哑光黑 PE 盆 尺寸 80×30×30cm 景观用","哑光黑PE盆 尺寸80×30×30cm 景观用"
"迷你圆形 PE 盆六件套 12cm 米白色 桌面摆件","迷你圆形PE盆六件套 12cm 米白色 桌面摆件"
"抗紫外线 PE 盆 100×40cm，黑色内衬，柱形","抗紫外线PE盆 100×40cm，黑色内衬，柱形"
"滚塑 PE 塑料","滚塑PE塑料"
"抗紫外线 PE 塑料","抗紫外线PE塑料"
"仿藤 PE","仿藤PE"
"80cm 方形","80cm方形"
"GFRC 复合材料高柱花盆","GFRC复合材料高柱花盆"
"Fiberclay 圆形花盆","Fiberclay圆形花盆"
"80cm 高 Fiberglass 花盆","80cm高Fiberglass花盆"
"100cm 高景观柱形花盆","100cm高景观柱形花盆"
"哑光灰 Fiberclay 花盆","哑光灰Fiberclay花盆"
"1.2m 户外复合材料花盆","1.2m户外复合材料花盆"
"GFRC 复合材料高柱花盆 高 100cm 直径 35cm，花岗岩饰面","GFRC复合材料高柱花盆 高100cm 直径35cm，花岗岩饰面"
"Fiberclay 圆形花盆 直径 60cm 高 50cm，哑光灰色调","Fiberclay圆形花盆 直径60cm 高50cm，哑光灰色调"
"Fiberglass 花盆 高 80cm 直径 50cm，酒店大堂用","Fiberglass花盆 高80cm 直径50cm，酒店大堂用"
"方形复合材料花盆 80×80×80cm 抗紫外线，带排水孔 + 托盘","方形复合材料花盆 80×80×80cm 抗紫外线，带排水孔+托盘"
"唐土陶色 Fiberclay 花盆 80×40cm，用于大型盆景","唐土陶色Fiberclay花盆 80×40cm，用于大型盆景"
"花岗岩纹 GFRC 复合材料花盆 1.2m 别墅景观","花岗岩纹GFRC复合材料花盆 1.2m 别墅景观"
"海军蓝复合材料柱形花盆两件套 高 80-100cm","海军蓝复合材料柱形花盆两件套 高80-100cm"
"玻璃纤维花盆 直径 1.5m 高 60cm，用于大型棕榈","玻璃纤维花盆 直径1.5m 高60cm，用于大型棕榈"
"直径 30cm","直径30cm"
"PVD 镀金","PVD镀金"
"高 30cm","高30cm"
"60cm 长方形自浇水花箱","60cm长方形自浇水花箱"
"40cm 圆形自浇水花箱","40cm圆形自浇水花箱"
"长方形阳台自浇水花箱 60×20×18cm，吸水芯 + 水位指示","长方形阳台自浇水花箱 60×20×18cm，吸水芯+水位指示"
"3 层立式自浇水花箱 高 90cm，阳台家庭种菜","3层立式自浇水花箱 高90cm，阳台家庭种菜"
"圆形自浇水花箱 40cm 高 35cm，5L 储水芯","圆形自浇水花箱 40cm 高35cm，5L储水芯"
"长方形自浇水花箱 1m × 25cm × 25cm，全年种菜","长方形自浇水花箱 1m×25cm×25cm，全年种菜"
"方形露台自浇水花箱 50×50cm，25L 储水量","方形露台自浇水花箱 50×50cm，25L储水量"
"六边形自浇水花箱三件套 25cm 装饰 + 盆栽","六边形自浇水花箱三件套 25cm 装饰+盆栽"
"阳台壁挂草莓种植自浇水花箱，6 个种植孔","阳台壁挂草莓种植自浇水花箱，6个种植孔"
"立式自浇水花箱 8 孔 高 1.4m","立式自浇水花箱 8孔 高1.4m"
"原生 PP 塑料","原生PP塑料"
"25L 以上","25L以上"
"3 层金属花盆架","3层金属花盆架"
"5 层高花盆架","5层高花盆架"
"3 层金属花盆架 高 75cm，哑光黑静电喷涂","3层金属花盆架 高75cm，哑光黑静电喷涂"
"北欧橡木 4 层 Z 字形花盆架 高 110cm","北欧橡木4层Z字形花盆架 高110cm"
"转角立式金属 5 层花盆架 高 1.4m，阳台用","转角立式金属5层花盆架 高1.4m，阳台用"
"吊顶不锈钢绳挂 3 层藤蔓装饰花盆架","吊顶不锈钢绳挂3层藤蔓装饰花盆架"
"桌面迷你 2 层铜金色金属花盆架","桌面迷你2层铜金色金属花盆架"
"松木梯形折叠花盆架 高 1.6m","松木梯形折叠花盆架 高1.6m"
"工业风黑色水管 4 层壁挂花盆架","工业风黑色水管4层壁挂花盆架"
"模块拼接花盆架 每层高 25cm","模块拼接花盆架 每层高25cm"
"1-2 层","1-2层"
"4 层","4层"
"5 层以上","5层以上"
"SK5 硬质钢割草刀片 厚 3mm 直径 25cm，5 片装","SK5硬质钢割草刀片，厚3mm，直径25cm，5片装"
"2.4mm 尼龙割草线 100m 卷装 方形扭纹","2.4mm尼龙割草线，100m卷装，方形扭纹"
"NGK BPMR7A 割草机火花塞，用于 25-52cc 二冲程发动机","NGK BPMR7A割草机火花塞，用于25-52cc二冲程发动机"
"二冲程泡棉空气滤芯，用于 36-52cc 割草机，5 个装","二冲程泡沫空气滤芯，用于36-52cc割草机，5个装"
"Honda GX35 原厂化油器","Honda GX35原厂化油器"
"21V 4Ah 锂电池 原装三星电芯，用于割草机 + 修枝机","21V 4Ah锂电池，原装三星电芯，用于割草机+修枝机"
"自动出线多线割草头，M10 反丝","自动出线多线割草头，M10反丝"
"铜 + 绝缘","铜+绝缘"
"8W IP65 太阳能花园灯","8W IP65太阳能花园灯"
"1.8m 高太阳能柱灯","1.8m高太阳能柱灯"
"60W 太阳能投光灯","60W太阳能投光灯"
"10m 100 灯太阳能灯串","10m 100灯太阳能灯串"
"RGB 变色太阳能灯","RGB变色太阳能灯"
"IP65 太阳能花园灯 LED 8W，锂电池 3.7V 2400mAh","IP65太阳能花园灯LED 8W，锂电池3.7V 2400mAh"
"1.8m 高太阳能柱灯，铝壳，一体单晶板 6V/3W","1.8m高太阳能柱灯，铝壳，一体单晶板6V/3W"
"304 不锈钢太阳能草坪插地灯 LED 1W，3000K 暖黄光，6 个装","304不锈钢太阳能草坪插地灯LED 1W，3000K暖黄光，6个装"
"60W 太阳能投光灯 IP66，分体单晶板 6V 25W + 遥控","60W太阳能投光灯IP66，分体单晶板6V 25W+遥控"
"10m 太阳能灯串 100 颗 LED 暖白，8 种闪烁模式","10m太阳能灯串100颗LED暖白，8种闪烁模式"
"人体感应太阳能灯 36 颗 LED IP65，壁挂","人体感应太阳能灯36颗LED IP65，壁挂"
"RGB 变色太阳能灯 LED 5W，蓝牙 App 控制","RGB变色太阳能灯LED 5W，蓝牙App控制"
"手工复古太阳能吊挂灯笼，黑色金属壳，4 个装","手工复古太阳能吊挂灯笼，黑色金属壳，4个装"
"60W 以上","60W以上"
"锂电池 1500mAh","锂电池1500mAh"
"锂电池 2400mAh","锂电池2400mAh"
"锂电池 4800mAh","锂电池4800mAh"
"户外 LED 投光灯","户外LED投光灯"
"100W 户外 LED 投光灯","100W户外LED投光灯"
"200W 球场 LED 投光灯","200W球场LED投光灯"
"Bridgelux 芯片 COB LED 投光灯","Bridgelux芯片COB LED投光灯"
"感应 LED 投光灯","感应LED投光灯"
"30W LED 投光灯 IP65","30W LED投光灯IP65"
"RGB LED 投光灯","RGB LED投光灯"
"太阳能 LED 投光灯","太阳能LED投光灯"
"50W LED 投光灯 IP66，黑色压铸铝壳，Bridgelux 5050 芯片","50W LED投光灯IP66，黑色压铸铝壳，Bridgelux 5050芯片"
"100W LED 投光灯 IP66 SMD 2835 芯片，寿命 50,000 小时","100W LED投光灯IP66 SMD 2835芯片，寿命50,000小时"
"200W 球场 LED 投光灯，光通量 22,000lm，IP66","200W球场LED投光灯，光通量22,000lm，IP66"
"30W COB LED 投光灯 Bridgelux US 芯片，0-10V 可调光","30W COB LED投光灯Bridgelux US芯片，0-10V可调光"
"30W LED 投光灯 PIR 人体感应 12m，IP65","30W LED投光灯PIR人体感应12m，IP65"
"50W RGB LED 投光灯 App + 遥控，1600 万色，IP65","50W RGB LED投光灯App+遥控，1600万色，IP65"
"60W 太阳能 LED 投光灯 分体板，锂电池 12000mAh","60W太阳能LED投光灯分体板，锂电池12000mAh"
"150W LED 投光灯 厂房照明 IK10 抗冲击","150W LED投光灯厂房照明IK10抗冲击"
"200W 以上","200W以上"
"门上挂","门挂"
"印 Logo 无纺布袋","印Logo无纺布袋"
"棉 + 钢可折叠收纳篮 38×38×38cm，带盖 + 提手","棉+钢可折叠收纳篮 38×38×38cm，带盖+提手"
"OEM 印 Logo 12oz 帆布购物袋，长提手 60cm","OEM印Logo 12oz帆布购物袋，长提手60cm"
"80g 无纺布袋 4 色印刷，尺寸 40×30cm","80g无纺布袋 4色印刷，尺寸40×30cm"
"棉 + 铁洗衣篮 高 65cm，带盖 + 滚轮","棉+铁洗衣篮 高65cm，带盖+滚轮"
"手工印花帆布手提袋，尺寸 38×42cm","手工印花帆布手提袋，尺寸38×42cm"
"网布可折叠脏衣收纳篮 65L 2 格分类","网布可折叠脏衣收纳篮 65L 2格分类"
"600D 帆布带拉链多功能布袋，容量 45L","600D帆布带拉链多功能布袋，容量45L"
"100% 纯棉","100%纯棉"
"80g 无纺布","80g无纺布"
"3 层带轮晾衣架","3层带轮晾衣架"
"晾衣夹 30 个装","晾衣夹30个装"
"小型 X 型折叠晾衣架","小型X型折叠晾衣架"
"3 格洗衣分类篮","3格洗衣分类篮"
"16 夹晾袜架","16夹晾袜架"
"304 不锈钢 2 层可折叠晾衣架，长 1.6m，承重 30kg","304不锈钢2层可折叠晾衣架，长1.6m，承重30kg"
"304 不锈钢 3 层带轮晾衣架，折叠后宽 50cm","304不锈钢3层带轮晾衣架，折叠后宽50cm"
"棉 + 铁洗衣篮 65L 带盖 + 提手","棉+铁洗衣篮 65L 带盖+提手"
"PP 塑料晾衣夹 30 个装，不锈钢弹簧","PP塑料晾衣夹30个装，不锈钢弹簧"
"304 不锈钢小型 X 型折叠晾衣架 公寓阳台用","304不锈钢小型X型折叠晾衣架 公寓阳台用"
"帆布 + 铁 3 格洗衣分类篮","帆布+铁3格洗衣分类篮"
"ABS 塑料 16 夹晾袜架，不锈钢弹簧夹","ABS塑料16夹晾袜架，不锈钢弹簧夹"
"棉 + 铁","棉+铁"
"360 度旋转拖把","360度旋转拖把"
"超细纤维抹布 6 件套","超细纤维抹布6件套"
"多功能清洁 6 件套","多功能清洁6件套"
"360° 旋转自动甩干拖把，超细纤维拖头 4 个替换装","360°旋转自动甩干拖把，超细纤维拖头4个替换装"
"1500W 蒸汽拖把，350ml 水箱，杀菌用","1500W蒸汽拖把，350ml水箱，杀菌用"
"合成纤维无尘扫把 + 铝柄 长 1.2m","合成纤维无尘扫把 + 铝柄 长1.2m"
"超细纤维抹布 6 件套 30×30cm 300gsm，多用途","超细纤维抹布6件套 30×30cm 300gsm，多用途"
"PP 塑料起泡喷壶 500ml，用于稀释皂液 + 化学剂","PP塑料起泡喷壶500ml，用于稀释皂液+化学剂"
"多功能清洁 6 件套：拖把 + 扫把 + 抹布 + 甩干桶","多功能清洁6件套：拖把+扫把+抹布+甩干桶"
"木 + 合成纤维静电除尘掸，长 80cm","木+合成纤维静电除尘掸，长80cm"
"圣诞 LED 灯","圣诞LED灯"
"PVC 圣诞树 1.8m","PVC圣诞树1.8m"
"圣诞树装饰套装 50 件","圣诞树装饰套装50件"
"圣诞球 24 件套","圣诞球24件套"
"圣诞 LED 灯 10m IP44","圣诞LED灯10m IP44"
"预装灯圣诞树 2.1m","预装灯圣诞树2.1m"
"PVC 圣诞树 1.8m 1,200 枝，金属底座，礼盒装","PVC圣诞树1.8m 1,200枝，金属底座，礼盒装"
"手工圣诞门挂花环 直径 50cm，松针 + 圣诞球","手工圣诞门挂花环 直径50cm，松针+圣诞球"
"圣诞树装饰套装 50 件：圣诞球 + 丝带 + 树顶星 + 灯串","圣诞树装饰套装50件：圣诞球+丝带+树顶星+灯串"
"圣诞球 24 件套 直径 6cm 哑光金，礼盒装","圣诞球24件套 直径6cm 哑光金，礼盒装"
"圣诞 LED 灯串 10m 100 颗暖白 IP44，插头","圣诞LED灯串10m 100颗暖白IP44，插头"
"门口驯鹿装饰摆件 3 件套 高 30-50-70cm","门口驯鹿装饰摆件3件套 高30-50-70cm"
"预装灯圣诞树 高 2.1m 预装 350 颗暖光 LED","预装灯圣诞树 高2.1m 预装350颗暖光LED"
"天鹅绒手工圣诞袜 6 件套 可绣名字","天鹅绒手工圣诞袜6件套 可绣名字"
"毛毡 + 布","毛毡+布"
"LED 南瓜","LED南瓜"
"恐怖 LED 灯","恐怖LED灯"
"塑料 LED 万圣节南瓜","塑料LED万圣节南瓜"
"橙紫万圣节 LED 灯","橙紫万圣节LED灯"
"塑料 LED 万圣节南瓜 直径 25cm，橙黄灯光","塑料LED万圣节南瓜，直径25cm，橙黄灯光"
"手工树脂幽灵摆件 高 50cm，内置 LED 灯光","手工树脂幽灵摆件，高50cm，内置LED灯光"
"万圣节装饰蜘蛛网 3.6×3.6m + 100 只塑料蜘蛛","万圣节装饰蜘蛛网，3.6×3.6m，附100只塑料蜘蛛"
"橙 + 紫万圣节 LED 灯串 10m 100 颗 IP44","橙+紫万圣节LED灯串，10m，100颗，IP44"
"乳胶橡胶僵尸造型万圣节面具 8 款","乳胶橡胶僵尸造型万圣节面具，8款"
"万圣节门口装饰 8 件套：南瓜 + 幽灵 + 蜘蛛网","万圣节门口装饰8件套：南瓜+幽灵+蜘蛛网"
"万圣节门挂花环 直径 45cm 带 LED + 南瓜","万圣节门挂花环，直径45cm，带LED+南瓜"
"充气花园南瓜 高 2.4m 带 LED + 12V 风机","充气花园南瓜，高2.4m，带LED+12V风机"
"Happy Birthday 气球套装","Happy Birthday气球套装"
"1m 数字铝膜气球","1m数字铝膜气球"
"Happy Birthday 气球套装 50 个 + 横幅 + 丝带，金黑主题","Happy Birthday气球套装，50个+横幅+丝带，金黑主题"
"数字铝膜气球 高 1m，氦气级，可填充 LED","数字铝膜气球，高1m，氦气级，可填充LED"
"活动背景仿真花拱门 2.5m，丝绸花 + 绿叶","活动背景仿真花拱门，2.5m，丝绸花+绿叶"
"牛皮纸 + 丝带复古生日横幅，可印名字 + 年龄数字","牛皮纸+丝带复古生日横幅，可印名字+年龄数字"
"派对彩纸套装 5 色，1,000 片 + 6 个礼炮","派对彩纸套装，5色，1,000片+6个礼炮"
"迎婴派对主题纸杯纸盘套装 60 件，4 种粉彩色","迎婴派对主题纸杯纸盘套装，60件，4种粉彩色"
"迎婴派对气球套装 70 个 4 种尺寸 + 拱门套件","迎婴派对气球套装，70个，4种尺寸+拱门套件"
"婚礼仿真花背景墙 2×2.4m，高花密度 + 铁底座","婚礼仿真花背景墙，2×2.4m，高花密度+铁底座"
"手工树脂天使雕像 高 30cm 金属金喷涂","手工树脂天使雕像，高30cm，金属金喷涂"
"手工树脂相框 A4 金色边框 + 嵌珍珠","手工树脂相框A4，金色边框，嵌珍珠"
"镀金环氧树脂杯垫 6 件套 直径 10cm","镀金环氧树脂杯垫6件套，直径10cm"
"环氧树脂首饰套装 含手镯 + 项链 + 耳环","环氧树脂首饰套装，含手镯+项链+耳环"
"桌面树脂雕像三件套 狮 + 象 + 马","桌面树脂雕像三件套，狮+象+马"
"迷你动物树脂摆件 6 件套 高 8-12cm 用于生态缸","迷你动物树脂摆件6件套，高8-12cm，用于生态缸"
"环氧树脂永生干花瓶 玫瑰 + 满天星","环氧树脂永生干花瓶，玫瑰+满天星"
"招财猫 Maneki-Neko 树脂雕像三件套 金箔色 18cm","招财猫Maneki-Neko树脂雕像三件套，金箔色，18cm"
"树脂 + 嵌珍珠","树脂，嵌珍珠"
"手工切割金属壁挂艺术画 80×120cm，做旧铜绿饰面","手工切割金属壁挂艺术画，80×120cm，做旧铜绿饰面"
"手工铸铜雕像 高 40cm 整体黄铜饰面","手工铸铜雕像，高40cm，整体黄铜饰面"
"手工锻造铁艺壁挂艺术画 1×1m 花卉设计","手工锻造铁艺壁挂艺术画，1×1m，花卉设计"
"桌面迷你金属装饰雕像 高 25cm 红铜色调","桌面迷你金属装饰雕像，高25cm，红铜色调"
"手工铸铜茶具套装 含 6 杯，礼盒装","手工铸铜茶具套装，含6杯，礼盒装"
"S 型艺术金属挂钩 6 件套 金色饰面","S型艺术金属挂钩6件套，金色饰面"
"手工切割边框金属画框 直径 60cm","手工切割边框金属画框，直径60cm"
"工业风笼形手工金属灯 高 60cm","工业风笼形手工金属灯，高60cm"
"手工切割 304 不锈钢","手工切割304不锈钢"
"松木烙画手工艺品 30×40cm","松木烙画手工艺品，30×40cm"
"意大利橄榄木砧板套装 3 件，装饰 + 实用","意大利橄榄木砧板套装3件，装饰+实用"
"手工胡桃木装饰托盘 40×25cm 亚麻籽油饰面","手工胡桃木装饰托盘，40×25cm，亚麻籽油饰面"
"手工雕刻柚木装饰雕像 高 35cm","手工雕刻柚木装饰雕像，高35cm"
"天然白蜡木带盖装饰木盒 25×15×10cm","天然白蜡木带盖装饰木盒，25×15×10cm"
"手工雕刻木画 40×60cm 山水景，油饰面","手工雕刻木画，40×60cm，山水景，油饰面"
"1HP 砂 + 臭氧泳池过滤器，适用于 50m³ 以内泳池","1HP 砂滤+臭氧泳池过滤器，适用于 50m³ 以内泳池"
"轮型","轮式"
"独轮","单轮"
"2 轮","双轮"
"60×60 仿真植物墙","60×60仿真植物墙"
"景德镇裂纹釉陶瓷花瓶 高 45cm，手绘水墨","景德镇裂纹釉陶瓷花瓶 高45cm，手绘水墨"
"铝框仿真植物墙 60×60cm，抗紫外线 EVA 叶 5 年不褪色","铝框仿真植物墙 60×60cm，抗紫外线EVA叶 5年不褪色"
"北欧圆形装饰镜 Φ80cm，PVD 镀金 304 不锈钢边框","北欧圆形装饰镜 Φ80cm，PVD镀金304不锈钢边框"
"弧形陶瓷台灯 45cm，亚麻布灯罩，E27 灯泡","弧形陶瓷台灯 45cm，亚麻布灯罩，E27灯泡"
"招财猫 Maneki-Neko 三件套 金箔色树脂 18cm 防潮","招财猫Maneki-Neko三件套 金箔色树脂 18cm 防潮"
"MDF 木条挂钟 50cm，日本原装扫秒机芯","MDF木条挂钟 50cm，日本原装扫秒机芯"
"亚克力贴面 MDF","亚克力贴面MDF"
"3 层喷泉","3层喷泉"
"PU 塑料浮雕","PU塑料浮雕"
"整石花岗岩石狮雕像 高 1.2m，耐风雨 20 年","整石花岗岩石狮雕像 高1.2m，耐风雨20年"
"3 层喷泉 直径 1.5m 复合材料人造石饰面","3层喷泉 直径1.5m 复合材料人造石饰面"
"LED 太阳能草坪插地灯 6 件套 1W IP65，锂电池 1200mAh","LED太阳能草坪插地灯 6件套 1W IP65，锂电池1200mAh"
"304 不锈钢镜面抛光花园反光球 Φ30cm","304不锈钢镜面抛光花园反光球 Φ30cm"
"PU 塑料希腊花园墙浮雕 80×120cm 防水","PU塑料希腊花园墙浮雕 80×120cm 防水"
"黄铜金属风铃 高 60cm，6 管藏式音调","黄铜金属风铃 高60cm，6管藏式音调"
"1.8m 大堂仿真橄榄树","1.8m大堂仿真橄榄树"
"80cm 落地花瓶","80cm落地花瓶"
"1.6m 落地灯","1.6m落地灯"
"陶瓷落地花瓶 高 80cm，龙泉青釉手绘","陶瓷落地花瓶 高80cm，龙泉青釉手绘"
"托斯卡纳仿真橄榄树 180cm，1,200 片真实触感乳胶叶 水泥盆","托斯卡纳仿真橄榄树 180cm，1,200 片真实触感乳胶叶，水泥盆"
"客厅转角落地灯 1.6m，大理石底座 亚麻灯罩","客厅转角落地灯 1.6m，大理石底座，亚麻灯罩"
"茶几装饰 5 件套：木托盘 + 蜡烛 + 雕像 + 花瓶 + 书","茶几装饰5件套：木托盘 + 蜡烛 + 雕像 + 花瓶 + 书"
"4 扇橡木框屏风 高 1.8m，金色磨砂膜面","4扇橡木框屏风 高1.8m，金色磨砂膜面"
"3m 长桌中心摆件套装","3m长桌中心摆件套装"
"35cm 餐桌花瓶","35cm餐桌花瓶"
"CNC 仿真植物隔断","CNC仿真植物隔断"
"304 不锈钢自助餐托盘","304不锈钢自助餐托盘"
"5 头烛台","5头烛台"
"K9 水晶宴会厅吊灯 Φ1.2m，24 头 E14 + 可调光 LED","K9水晶宴会厅吊灯 Φ1.2m，24头E14 + 可调光LED"
"3m 长桌中心摆件套装 5 件：花瓶 + 蜡烛 + 镜面底座","3m长桌中心摆件套装5件：花瓶 + 蜡烛 + 镜面底座"
"陶瓷餐桌花瓶 高 35cm 哑光米色，宽口插鲜花","陶瓷餐桌花瓶 高35cm 哑光米色，宽口插鲜花"
"MDF 木胡桃木贴面 CNC 阿拉伯纹隔断 2.4×1.2m","MDF木胡桃木贴面CNC阿拉伯纹隔断 2.4×1.2m"
"304 不锈钢自助餐托盘 GN 1/1 深 65mm，哑光防指纹面","304不锈钢自助餐托盘 GN 1/1 深65mm，哑光防指纹面"
"5 头黄铜烛台 高 60cm，宴会用","5头黄铜烛台 高60cm，宴会用"
"8cm 方形陶瓷胡椒盐瓶，24 对装 五星酒店 Logo","8cm方形陶瓷胡椒盐瓶，24对装，五星酒店Logo"
"K9 水晶","K9水晶"
"K9 宴会厅吊灯 1.2m","K9宴会厅吊灯 1.2m"
"3m 宴会中心摆件套装","3m宴会中心摆件套装"
"30cm 窄玄关桌","30cm窄玄关桌"
"1.6m 壁挂镜","1.6m壁挂镜"
"圆形复合材料花盆 高 60cm Φ50cm，多色环氧喷涂，底部排水孔","圆形复合材料花盆 高60cm Φ50cm，多色环氧喷涂，底部排水孔"
"长方形 PE 塑料花箱 80×30×35cm，抗紫外线 8 年，可拆脚","长方形PE塑料花箱 80×30×35cm，抗紫外线8年，可拆脚"
"景德镇白釉陶瓷花盆 高 40cm，手绘蓝色花纹","景德镇白釉陶瓷花盆 高40cm，手绘蓝色花纹"
"方形水泥花盆 50×50×50cm，天然磨砂表面 防霉","方形水泥花盆 50×50×50cm，天然磨砂表面，防霉"
"圆柱形 304 不锈钢花盆 高 70cm，天然柚木底防腐","圆柱形304不锈钢花盆 高70cm，天然柚木底防腐"
"方形玻璃纤维花盆 40×40×40cm，哑光饰面 12 色","方形玻璃纤维花盆 40×40×40cm，哑光饰面，12色"
"PP 阳台自浇水花箱 60×25cm，4L 储水箱，毛细导水管","PP阳台自浇水花箱 60×25cm，4L储水箱，毛细导水管"
"ABS 塑料栏杆吊盆三件套，可调不锈钢挂钩 0–180mm","ABS塑料栏杆吊盆三件套，可调不锈钢挂钩0–180mm"
"K9 水晶切棱花瓶","K9水晶切棱花瓶"
"手工吹制喇叭口玻璃花瓶 高 25cm，古铜金底座","手工吹制喇叭口玻璃花瓶 高25cm，古铜金底座"
"景德镇裂纹釉陶瓶 高 45cm，手绘水墨","景德镇裂纹釉陶瓶 高45cm，手绘水墨"
"客厅陶瓷落地花瓶 高 80cm，宽口插鲜花","客厅陶瓷落地花瓶 高80cm，宽口插鲜花"
"PVD 镀金黄铜金属花瓶 高 30cm，窄口插单枝","PVD镀金黄铜金属花瓶 高30cm，窄口插单枝"
"北欧哑光罗纹陶瓷花瓶 高 28cm，6 种粉彩混色","北欧哑光罗纹陶瓷花瓶 高28cm，6种粉彩混色"
"波西米亚 K9 水晶切棱花瓶 高 22cm，底厚 15mm 高端","波西米亚K9水晶切棱花瓶 高22cm，底厚15mm 高端"
"3 头铜烛台","3头铜烛台"
"PVD 镀金镜面装饰托盘 长方形 40×25cm，304 不锈钢边框","PVD镀金镜面装饰托盘 长方形40×25cm，304不锈钢边框"
"3 头铜烛台 高 60cm，宴会或玄关桌用","3头铜烛台 高60cm，宴会或玄关桌用"
"复古硬壳装饰假书 5 本套，用于装饰柜","复古硬壳装饰假书 5本套，用于装饰柜"
"哑光陶瓷装饰瓶三件套，高 15-20-25cm 同色调","哑光陶瓷装饰瓶三件套，高15-20-25cm 同色调"
"240L PE 公园垃圾桶 3 格分类，V0 阻燃","240L PE 公园垃圾桶 3格分类，V0阻燃"
"HDPE 70% 抗紫外线遮阳网 5×3m，厚 0.45mm，不锈钢扣眼","HDPE 70% 抗紫外线遮阳网 5×3m，厚0.45mm，不锈钢扣眼"
"105 孔 PE 育苗盘 54×28cm，农场播种育苗用","105孔 PE育苗盘 54×28cm，农场播种育苗用"
"1000L PE 储水箱，5mm 食品级，防藻","1000L PE储水箱，5mm食品级，防藻"
"方形 PE 有机蔬菜种植箱 30×30cm，带脚 + 底托","方形PE有机蔬菜种植箱 30×30cm，带脚+底托"
"PE 级别","PE级别"
"滚塑 PE","滚塑PE"
"食品级 PE","食品级PE"
"景德镇裂纹釉陶瓶 高 45cm，100% 手绘水墨","景德镇裂纹釉陶瓶 高45cm，100%手绘水墨"
"白釉陶瓷花盆 高 40cm，宽口手绘蓝色花纹","白釉陶瓷花盆 高40cm，宽口手绘蓝色花纹"
"摩洛哥装饰瓷砖 6 片 20×20cm，钴蓝釉墙面铺贴","摩洛哥装饰瓷砖 6片20×20cm，钴蓝釉墙面铺贴"
"北欧哑光罗纹陶瓷瓶 高 28cm，6 种粉彩色","北欧哑光罗纹陶瓷瓶 高28cm，6种粉彩色"
"龙泉碧玉青釉茶具套装 9 件，木质礼盒","龙泉碧玉青釉茶具套装 9件，木质礼盒"
"裂纹釉陶瓷台灯 高 45cm，亚麻布灯罩，E27 灯泡","裂纹釉陶瓷台灯 高45cm，亚麻布灯罩，E27灯泡"
"1.2m 花岗岩石狮雕像","1.2m花岗岩石狮雕像"
"3 层石喷泉","3层石喷泉"
"40cm 洞石花盆","40cm洞石花盆"
"CNC 石碑雕刻","CNC石碑雕刻"
"整石花岗岩石狮雕像 高 1.2m，抛光/磨砂双面","整石花岗岩石狮雕像 高1.2m，抛光/磨砂双面"
"3 层石喷泉 直径 1.5m，山东花岗岩","3层石喷泉 直径1.5m，山东花岗岩"
"圆形洞石花盆 高 40cm Φ35cm，天然亚光饰面","圆形洞石花盆 高40cm Φ35cm，天然亚光饰面"
"圆形大理石桌 Φ80cm 厚 30mm，黄铜金属脚","圆形大理石桌 Φ80cm 厚30mm，黄铜金属脚"
"CNC 石碑雕刻 60×40cm，山东 G684 黑花岗岩","CNC石碑雕刻 60×40cm，山东G684黑花岗岩"
"希腊花岗岩女神雕像 1.5m，100% 手工雕刻","希腊花岗岩女神雕像 1.5m，100%手工雕刻"
"1.5m 3 层石喷泉","1.5m 三层石喷泉"
"$1.250–1.850/套","$1,250–1,850/套"
"喷涂钢 bistro 桌椅","喷涂钢小酒馆桌椅"
"3 层花盆架","三层花盆架"
"黑色静电喷涂钢阳台 bistro 桌椅套装，桌面 60cm","黑色静电喷涂钢阳台小酒馆桌椅套装，桌面60cm"
"黑色静电喷涂方钢栏杆 40×40，双层防锈","黑色静电喷涂方钢栏杆40×40，双层防锈"
"户外喷涂钢花盆 高 50cm，抗紫外线环氧喷涂 8 年","户外喷涂钢花盆高50cm，抗紫外线环氧喷涂8年"
"静电喷涂铁艺门 门扇 1.5m，CNC 花纹","静电喷涂铁艺门门扇1.5m，CNC花纹"
"1.8m 公园长椅 喷涂钢架，WPC 防腐面板","1.8m公园长椅喷涂钢架，WPC防腐面板"
"户外喷涂钢货架 5 层 60×30×180cm，每层承重 50kg","户外喷涂钢货架5层60×30×180cm，每层承重50kg"
"喷涂钢凉棚框架 3×3m，600D 牛津防水布顶","喷涂钢凉棚框架3×3m，600D牛津防水布顶"
"黑色金属 3 层花盆架 80cm，磨砂环氧喷涂","黑色金属三层花盆架80cm，磨砂环氧喷涂"
"双层环氧 + 聚酯","双层环氧+聚酯"
"C5 防锈","C5防锈"
"黑色 RAL 9005","黑色RAL 9005"
"白色 RAL 9010","白色RAL 9010"
"灰色 RAL 7016","灰色RAL 7016"
"40cm 方形玻璃纤维花盆","40cm方形玻璃纤维花盆"
"60cm 圆形玻璃纤维花箱","60cm圆形玻璃纤维花箱"
"1m 超大大堂花盆","1m超大大堂花盆"
"12 色哑光玻璃纤维花盆","12色哑光玻璃纤维花盆"
"方形玻璃纤维花箱 40×40×40cm，哑光饰面 12 色","方形玻璃纤维花箱40×40×40cm，哑光饰面12色"
"圆形玻璃纤维花盆 高 60cm Φ50cm，船用级胶衣层","圆形玻璃纤维花盆高60cm Φ50cm，船用级胶衣层"
"酒店大堂玻璃纤维女神雕像 高 1.8m，仿大理石喷涂","酒店大堂玻璃纤维女神雕像高1.8m，仿大理石喷涂"
"户外 304 不锈钢桌椅套装 1+4，HPL 紧凑岩板防雨台面","户外304不锈钢桌椅套装1+4，HPL紧凑岩板防雨台面"
"镜面 304 不锈钢抽象雕像 高 1.5m，黑花岗岩底座","镜面304不锈钢抽象雕像高1.5m，黑花岗岩底座"
"304 不锈钢自助餐托盘 GN 1/1 深 65mm，厚 0.8mm，NSF 认证","304不锈钢自助餐托盘GN 1/1深65mm，厚0.8mm，NSF认证"
"镜面抛光 304 不锈钢花园反光球 Φ30cm","镜面抛光304不锈钢花园反光球Φ30cm"
"拉丝缎面 304 不锈钢扶手 Φ42.4 长 6m，90° 灵活接头","拉丝缎面304不锈钢扶手Φ42.4长6m，90°灵活接头"
"304 不锈钢景观灯柱 高 3m，双头 LED 60W IP66","304不锈钢景观灯柱高3m，双头LED 60W IP66"
"PVD 镀铜","PVD镀铜"
"PVD 镀黑","PVD镀黑"
"NSF（食品）","NSF（食品级）"
"出口标准款，5 层瓦楞纸箱包装","出口标准款，5层瓦楞纸箱包装"
"OEM 款，可定制尺寸、颜色、Logo","OEM款，可定制尺寸、颜色、Logo"
"2026 款，通过 CE/RoHS/ISO 9001 认证","2026款，通过CE/RoHS/ISO 9001认证"
"环保系列，FSC 再生材料","环保系列，FSC再生材料"
"现货库存，广州 7 天内发货","现货库存，广州7天内发货"
"2025 畅销款，新买家免费提供样品","2025畅销款，新买家免费提供样品"
"面向欧盟市场的 OEM 版本，高强度厚实","面向欧盟市场的OEM版本，高强度厚实"
"16A 250V 符合 IEC 标准，V0 阻燃 PC 外壳","16A 250V符合IEC标准，V0阻燃PC外壳"
"ELCB 30mA 防触电技术","ELCB 30mA防触电技术"
"户外 IP65 防水版本","户外IP65防水版本"
"集成 USB-C 20W 及 Type-A 2.4A 接口","集成USB-C 20W及Type-A 2.4A接口"
"OEM 印 Logo，独立展示盒包装","OEM印Logo，独立展示盒包装"
"2026 款，附 CE / CCC / TÜV 标识","2026款，附CE/CCC/TÜV标识"
"质保 5 年，起订量灵活","质保5年，起订量灵活"
"英标 BS","英标BS"
"日标 JIS","日标JIS"
"阻燃 PC 塑料","阻燃PC塑料"
"Bridgelux COB LED 芯片 9W-36W，CRI ≥80","Bridgelux COB LED芯片9W-36W，CRI≥80"
"3000K/4000K/6500K 色温可调","3000K/4000K/6500K色温可调"
"压铸铝散热壳，浴室 IP44","压铸铝散热壳，浴室IP44"
"集成调光器 + 涂鸦智能 Wi-Fi","集成调光器+涂鸦智能Wi-Fi"
"寿命 50,000 小时，质保 3 年","寿命50,000小时，质保3年"
"按需 OEM ODM——驱动器印 Logo","按需OEM ODM——驱动器印Logo"
"CE / RoHS / FCC / SAA 认证","CE/RoHS/FCC/SAA认证"
"PMMA 亚克力","PMMA亚克力"
"实心黄铜，5 层 PVD 镀铬","实心黄铜，5层PVD镀铬"
"恒温技术 ±0.5°C","恒温技术±0.5°C"
"3L/6L 双冲节水结构","3L/6L双冲节水结构"
"8mm 防刮自洁钢化玻璃","8mm防刮自洁钢化玻璃"
"按图 OEM，起订量 50-100 套","按图OEM，起订量50-100套"
"通过 CE / WaterSense / WRAS","通过CE/WaterSense/WRAS"
"龙头主体质保 10 年，陶瓷质保 5 年","龙头主体质保10年，陶瓷质保5年"
"6063-T5 铝框 厚 1.4mm，静电喷涂","6063-T5铝框厚1.4mm，静电喷涂"
"Low-E + 氩气双层玻璃，隔热 U=1.6","Low-E+氩气双层玻璃，隔热U=1.6"
"双轨静音防尘推拉，EPDM 密封条","双轨静音防尘推拉，EPDM密封条"
"Roto/Sheba/Hopo 高端配件","Roto/Sheba/Hopo高端配件"
"按图定制尺寸，起订量 1 套","按图定制尺寸，起订量1套"
"IP65 防水，抗 12 级风","IP65防水，抗12级风"
"OEM 印 Logo，出口托盘包装","OEM印Logo，出口托盘包装"
"2026 款，通过 CE / AAMA / WERS-A","2026款，通过CE/AAMA/WERS-A认证"
"Bertelsmann 铝门","Bertelsmann铝门"
"6063 铝","6063铝"
"MDF 木贴面","MDF木贴面"
"uPVC 塑料","uPVC塑料"
"瓷砖 600×600 / 800×800 / 1000×1000mm","瓷砖600×600/800×800/1000×1000mm"
"哑光/亮光/砂岩釉面，R10 防滑","哑光/亮光/砂岩釉面，R10防滑"
"2026 大理石/花岗岩/水泥纹色调","2026大理石/花岗岩/水泥纹色调"
"1.4 吨托盘包装，40HQ 集装箱装运","1.4吨托盘包装，40HQ集装箱装运"
"砖底 OEM 型号 + Logo","砖底OEM型号+Logo"
"CE / ISO 13006 / A1 级防火认证","CE/ISO 13006/A1级防火认证"
"质保 25 年不褪色","质保25年不褪色"
"304 / 316 不锈钢，抗海水腐蚀","304/316不锈钢，抗海水腐蚀"
"800-2200W 有刷电机，转速可调","800-2200W有刷电机，转速可调"
"18V/20V/40V 锂电池，2-6Ah，1 小时快充","18V/20V/40V锂电池，2-6Ah，1小时快充"
"镁铝合金抗冲击外壳 IP54","镁铝合金抗冲击外壳IP54"
"软胶防滑手柄，减震 60%","软胶防滑手柄，减震60%"
"机身激光雕刻 OEM Logo","机身激光雕刻OEM Logo"
"通过 CE / GS / EMC / RoHS / 质保 2 年","通过CE/GS/EMC/RoHS认证，质保2年"
"家庭 DIY","家庭DIY"
"304 拉丝不锈钢机身，易清洁","304拉丝不锈钢机身，易清洁"
"2200W 变频电磁炉，9 档触控火力","2200W变频电磁炉，9档触控火力"
"A++ 能效变频冰箱，多路制冷","A++能效变频冰箱，多路制冷"
"14 套餐具洗碗机，6 程序 + 热风烘干","14套餐具洗碗机，6程序+热风烘干"
"950m³/h 抽油烟机，304 不锈钢烟道","950m³/h抽油烟机，304不锈钢烟道"
"OEM 供酒店 / 餐厅 / 高端公寓","OEM供酒店/餐厅/高端公寓"
"通过 CE / GS / EMC / ETL / NSF","通过CE/GS/EMC/ETL/NSF认证"
"电机质保 2 年，零件质保 1 年","电机质保2年，零件质保1年"
"100% 埃及长绒棉 60S/2，600 支纱线密度","100%埃及长绒棉60S/2，600支纱线密度"
"白鹅绒 90/10，厚 200gsm","白鹅绒90/10，厚200gsm"
"5cm 涤纶记忆棉，ProBact 抗菌","5cm涤纶记忆棉，ProBact抗菌"
"尺寸 King 200×220cm / Queen 180×200cm","尺寸King 200×220cm/Queen 180×200cm"
"OEM 绣 Logo，精品酒店起订 50 套","OEM绣Logo，精品酒店起订50套"
"通过 OEKO-TEX 100 / ISO 9001 / Greenguard","通过OEKO-TEX 100/ISO 9001/Greenguard认证"
"单件 polybag 包装 + 出口托盘","单件polybag包装+出口托盘"
"质保 2 年防起球、不褪色","质保2年防起球、不褪色"
"通过 FSC / CE / 加州 Prop 65","通过 FSC / CE / 加州 Prop 65 认证"
"通过 FSC / CARB-P2 / E0 甲醛排放","通过 FSC / CARB-P2 / E0 甲醛排放认证"
"通过 CE / TÜV / SGS / 抗紫外线","通过 CE / TÜV / SGS / 抗紫外线认证"
